case_id,experiment,graph_type,n,k,density,seed,num_vars,num_clauses,result,wall_time_sec,cpu_time_reported_sec,conflicts,decisions,propagations,returncode,cnf_file
A_density_random_n60_k3_d0p035_s1,A_density,random,60,3,0.035,1,180,426,SAT,0.004447,0.001098,0,1,0,10,cnfs/A_density_random_n60_k3_d0p035_s1.cnf
A_density_random_n60_k3_d0p035_s10,A_density,random,60,3,0.035,10,180,426,SAT,0.008980,0.001148,0,1,0,10,cnfs/A_density_random_n60_k3_d0p035_s10.cnf
A_density_random_n60_k3_d0p035_s11,A_density,random,60,3,0.035,11,180,426,SAT,0.009904,0.00121,0,1,0,10,cnfs/A_density_random_n60_k3_d0p035_s11.cnf
A_density_random_n60_k3_d0p035_s12,A_density,random,60,3,0.035,12,180,426,SAT,0.002994,0.001088,0,1,0,10,cnfs/A_density_random_n60_k3_d0p035_s12.cnf
A_density_random_n60_k3_d0p035_s13,A_density,random,60,3,0.035,13,180,426,SAT,0.003147,0.001128,0,1,0,10,cnfs/A_density_random_n60_k3_d0p035_s13.cnf
A_density_random_n60_k3_d0p035_s14,A_density,random,60,3,0.035,14,180,426,SAT,0.002702,0.000983,0,1,0,10,cnfs/A_density_random_n60_k3_d0p035_s14.cnf
A_density_random_n60_k3_d0p035_s15,A_density,random,60,3,0.035,15,180,426,SAT,0.002664,0.000977,0,1,0,10,cnfs/A_density_random_n60_k3_d0p035_s15.cnf
A_density_random_n60_k3_d0p035_s16,A_density,random,60,3,0.035,16,180,426,SAT,0.002718,0.001005,0,1,0,10,cnfs/A_density_random_n60_k3_d0p035_s16.cnf
A_density_random_n60_k3_d0p035_s17,A_density,random,60,3,0.035,17,180,426,SAT,0.002829,0.00103,0,1,0,10,cnfs/A_density_random_n60_k3_d0p035_s17.cnf
A_density_random_n60_k3_d0p035_s18,A_density,random,60,3,0.035,18,180,426,SAT,0.003210,0.001097,0,1,0,10,cnfs/A_density_random_n60_k3_d0p035_s18.cnf
A_density_random_n60_k3_d0p035_s19,A_density,random,60,3,0.035,19,180,426,SAT,0.003449,0.001167,0,1,0,10,cnfs/A_density_random_n60_k3_d0p035_s19.cnf
A_density_random_n60_k3_d0p035_s2,A_density,random,60,3,0.035,2,180,426,SAT,0.002929,0.001036,0,1,0,10,cnfs/A_density_random_n60_k3_d0p035_s2.cnf
A_density_random_n60_k3_d0p035_s20,A_density,random,60,3,0.035,20,180,426,SAT,0.002770,0.001015,0,1,0,10,cnfs/A_density_random_n60_k3_d0p035_s20.cnf
A_density_random_n60_k3_d0p035_s21,A_density,random,60,3,0.035,21,180,426,SAT,0.002983,0.001026,0,1,0,10,cnfs/A_density_random_n60_k3_d0p035_s21.cnf
A_density_random_n60_k3_d0p035_s22,A_density,random,60,3,0.035,22,180,426,SAT,0.003373,0.001121,0,1,0,10,cnfs/A_density_random_n60_k3_d0p035_s22.cnf
A_density_random_n60_k3_d0p035_s23,A_density,random,60,3,0.035,23,180,426,SAT,0.002995,0.001058,0,1,0,10,cnfs/A_density_random_n60_k3_d0p035_s23.cnf
A_density_random_n60_k3_d0p035_s24,A_density,random,60,3,0.035,24,180,426,SAT,0.002886,0.001023,0,1,0,10,cnfs/A_density_random_n60_k3_d0p035_s24.cnf
A_density_random_n60_k3_d0p035_s25,A_density,random,60,3,0.035,25,180,426,SAT,0.003037,0.001012,0,1,0,10,cnfs/A_density_random_n60_k3_d0p035_s25.cnf
A_density_random_n60_k3_d0p035_s26,A_density,random,60,3,0.035,26,180,426,SAT,0.002882,0.001065,0,1,0,10,cnfs/A_density_random_n60_k3_d0p035_s26.cnf
A_density_random_n60_k3_d0p035_s27,A_density,random,60,3,0.035,27,180,426,SAT,0.003392,0.00111,0,1,0,10,cnfs/A_density_random_n60_k3_d0p035_s27.cnf
A_density_random_n60_k3_d0p035_s28,A_density,random,60,3,0.035,28,180,426,SAT,0.003230,0.001009,0,1,0,10,cnfs/A_density_random_n60_k3_d0p035_s28.cnf
A_density_random_n60_k3_d0p035_s29,A_density,random,60,3,0.035,29,180,426,SAT,0.002721,0.000999,0,1,0,10,cnfs/A_density_random_n60_k3_d0p035_s29.cnf
A_density_random_n60_k3_d0p035_s3,A_density,random,60,3,0.035,3,180,426,SAT,0.003710,0.001003,0,1,0,10,cnfs/A_density_random_n60_k3_d0p035_s3.cnf
A_density_random_n60_k3_d0p035_s30,A_density,random,60,3,0.035,30,180,426,SAT,0.002844,0.001008,0,1,0,10,cnfs/A_density_random_n60_k3_d0p035_s30.cnf
A_density_random_n60_k3_d0p035_s31,A_density,random,60,3,0.035,31,180,426,SAT,0.002904,0.001086,0,1,0,10,cnfs/A_density_random_n60_k3_d0p035_s31.cnf
A_density_random_n60_k3_d0p035_s32,A_density,random,60,3,0.035,32,180,426,SAT,0.002647,0.000953,0,1,0,10,cnfs/A_density_random_n60_k3_d0p035_s32.cnf
A_density_random_n60_k3_d0p035_s33,A_density,random,60,3,0.035,33,180,426,SAT,0.002847,0.001016,0,1,0,10,cnfs/A_density_random_n60_k3_d0p035_s33.cnf
A_density_random_n60_k3_d0p035_s34,A_density,random,60,3,0.035,34,180,426,SAT,0.002485,0.000956,0,1,0,10,cnfs/A_density_random_n60_k3_d0p035_s34.cnf
A_density_random_n60_k3_d0p035_s35,A_density,random,60,3,0.035,35,180,426,SAT,0.002560,0.000952,0,1,0,10,cnfs/A_density_random_n60_k3_d0p035_s35.cnf
A_density_random_n60_k3_d0p035_s36,A_density,random,60,3,0.035,36,180,426,SAT,0.003017,0.001146,0,1,0,10,cnfs/A_density_random_n60_k3_d0p035_s36.cnf
A_density_random_n60_k3_d0p035_s37,A_density,random,60,3,0.035,37,180,426,SAT,0.002816,0.001002,0,1,0,10,cnfs/A_density_random_n60_k3_d0p035_s37.cnf
A_density_random_n60_k3_d0p035_s38,A_density,random,60,3,0.035,38,180,426,SAT,0.002571,0.000955,0,1,0,10,cnfs/A_density_random_n60_k3_d0p035_s38.cnf
A_density_random_n60_k3_d0p035_s39,A_density,random,60,3,0.035,39,180,426,SAT,0.002617,0.000981,0,1,0,10,cnfs/A_density_random_n60_k3_d0p035_s39.cnf
A_density_random_n60_k3_d0p035_s4,A_density,random,60,3,0.035,4,180,426,SAT,0.002566,0.000965,0,1,0,10,cnfs/A_density_random_n60_k3_d0p035_s4.cnf
A_density_random_n60_k3_d0p035_s40,A_density,random,60,3,0.035,40,180,426,SAT,0.002704,0.00093,0,1,0,10,cnfs/A_density_random_n60_k3_d0p035_s40.cnf
A_density_random_n60_k3_d0p035_s5,A_density,random,60,3,0.035,5,180,426,SAT,0.002835,0.00104,0,1,0,10,cnfs/A_density_random_n60_k3_d0p035_s5.cnf
A_density_random_n60_k3_d0p035_s6,A_density,random,60,3,0.035,6,180,426,SAT,0.002587,0.000955,0,1,0,10,cnfs/A_density_random_n60_k3_d0p035_s6.cnf
A_density_random_n60_k3_d0p035_s7,A_density,random,60,3,0.035,7,180,426,SAT,0.002933,0.00106,0,1,0,10,cnfs/A_density_random_n60_k3_d0p035_s7.cnf
A_density_random_n60_k3_d0p035_s8,A_density,random,60,3,0.035,8,180,426,SAT,0.002688,0.000983,0,1,0,10,cnfs/A_density_random_n60_k3_d0p035_s8.cnf
A_density_random_n60_k3_d0p035_s9,A_density,random,60,3,0.035,9,180,426,SAT,0.002656,0.000955,0,1,0,10,cnfs/A_density_random_n60_k3_d0p035_s9.cnf
A_density_random_n60_k3_d0p03_s1,A_density,random,60,3,0.03,1,180,399,SAT,0.002725,0.000952,0,1,0,10,cnfs/A_density_random_n60_k3_d0p03_s1.cnf
A_density_random_n60_k3_d0p03_s10,A_density,random,60,3,0.03,10,180,399,SAT,0.002959,0.001023,0,1,0,10,cnfs/A_density_random_n60_k3_d0p03_s10.cnf
A_density_random_n60_k3_d0p03_s11,A_density,random,60,3,0.03,11,180,399,SAT,0.002660,0.000949,0,1,0,10,cnfs/A_density_random_n60_k3_d0p03_s11.cnf
A_density_random_n60_k3_d0p03_s12,A_density,random,60,3,0.03,12,180,399,SAT,0.002554,0.000917,0,1,0,10,cnfs/A_density_random_n60_k3_d0p03_s12.cnf
A_density_random_n60_k3_d0p03_s13,A_density,random,60,3,0.03,13,180,399,SAT,0.002505,0.000919,0,1,0,10,cnfs/A_density_random_n60_k3_d0p03_s13.cnf
A_density_random_n60_k3_d0p03_s14,A_density,random,60,3,0.03,14,180,399,SAT,0.007619,0.00142,0,1,0,10,cnfs/A_density_random_n60_k3_d0p03_s14.cnf
A_density_random_n60_k3_d0p03_s15,A_density,random,60,3,0.03,15,180,399,SAT,0.008104,0.001847,0,1,0,10,cnfs/A_density_random_n60_k3_d0p03_s15.cnf
A_density_random_n60_k3_d0p03_s16,A_density,random,60,3,0.03,16,180,399,SAT,0.007905,0.001658,0,1,0,10,cnfs/A_density_random_n60_k3_d0p03_s16.cnf
A_density_random_n60_k3_d0p03_s17,A_density,random,60,3,0.03,17,180,399,SAT,0.006516,0.001154,0,1,0,10,cnfs/A_density_random_n60_k3_d0p03_s17.cnf
A_density_random_n60_k3_d0p03_s18,A_density,random,60,3,0.03,18,180,399,SAT,0.007414,0.002036,0,1,0,10,cnfs/A_density_random_n60_k3_d0p03_s18.cnf
A_density_random_n60_k3_d0p03_s19,A_density,random,60,3,0.03,19,180,399,SAT,0.005297,0.001187,0,1,0,10,cnfs/A_density_random_n60_k3_d0p03_s19.cnf
A_density_random_n60_k3_d0p03_s2,A_density,random,60,3,0.03,2,180,399,SAT,0.003473,0.001133,0,1,0,10,cnfs/A_density_random_n60_k3_d0p03_s2.cnf
A_density_random_n60_k3_d0p03_s20,A_density,random,60,3,0.03,20,180,399,SAT,0.003632,0.0011,0,1,0,10,cnfs/A_density_random_n60_k3_d0p03_s20.cnf
A_density_random_n60_k3_d0p03_s21,A_density,random,60,3,0.03,21,180,399,SAT,0.008582,0.002163,0,1,0,10,cnfs/A_density_random_n60_k3_d0p03_s21.cnf
A_density_random_n60_k3_d0p03_s22,A_density,random,60,3,0.03,22,180,399,SAT,0.011156,0.001205,0,1,0,10,cnfs/A_density_random_n60_k3_d0p03_s22.cnf
A_density_random_n60_k3_d0p03_s23,A_density,random,60,3,0.03,23,180,399,SAT,0.003014,0.001057,0,1,0,10,cnfs/A_density_random_n60_k3_d0p03_s23.cnf
A_density_random_n60_k3_d0p03_s24,A_density,random,60,3,0.03,24,180,399,SAT,0.002835,0.001024,0,1,0,10,cnfs/A_density_random_n60_k3_d0p03_s24.cnf
A_density_random_n60_k3_d0p03_s25,A_density,random,60,3,0.03,25,180,399,SAT,0.002546,0.000944,0,1,0,10,cnfs/A_density_random_n60_k3_d0p03_s25.cnf
A_density_random_n60_k3_d0p03_s26,A_density,random,60,3,0.03,26,180,399,SAT,0.002674,0.000965,0,1,0,10,cnfs/A_density_random_n60_k3_d0p03_s26.cnf
A_density_random_n60_k3_d0p03_s27,A_density,random,60,3,0.03,27,180,399,SAT,0.002974,0.001082,0,1,0,10,cnfs/A_density_random_n60_k3_d0p03_s27.cnf
A_density_random_n60_k3_d0p03_s28,A_density,random,60,3,0.03,28,180,399,SAT,0.002662,0.000946,0,1,0,10,cnfs/A_density_random_n60_k3_d0p03_s28.cnf
A_density_random_n60_k3_d0p03_s29,A_density,random,60,3,0.03,29,180,399,SAT,0.002458,0.000916,0,1,0,10,cnfs/A_density_random_n60_k3_d0p03_s29.cnf
A_density_random_n60_k3_d0p03_s3,A_density,random,60,3,0.03,3,180,399,SAT,0.002688,0.000962,0,1,0,10,cnfs/A_density_random_n60_k3_d0p03_s3.cnf
A_density_random_n60_k3_d0p03_s30,A_density,random,60,3,0.03,30,180,399,SAT,0.002529,0.000927,0,1,0,10,cnfs/A_density_random_n60_k3_d0p03_s30.cnf
A_density_random_n60_k3_d0p03_s31,A_density,random,60,3,0.03,31,180,399,SAT,0.002633,0.000953,0,1,0,10,cnfs/A_density_random_n60_k3_d0p03_s31.cnf
A_density_random_n60_k3_d0p03_s32,A_density,random,60,3,0.03,32,180,399,SAT,0.003047,0.001071,0,1,0,10,cnfs/A_density_random_n60_k3_d0p03_s32.cnf
A_density_random_n60_k3_d0p03_s33,A_density,random,60,3,0.03,33,180,399,SAT,0.002907,0.001038,0,1,0,10,cnfs/A_density_random_n60_k3_d0p03_s33.cnf
A_density_random_n60_k3_d0p03_s34,A_density,random,60,3,0.03,34,180,399,SAT,0.002507,0.000928,0,1,0,10,cnfs/A_density_random_n60_k3_d0p03_s34.cnf
A_density_random_n60_k3_d0p03_s35,A_density,random,60,3,0.03,35,180,399,SAT,0.002573,0.000913,0,1,0,10,cnfs/A_density_random_n60_k3_d0p03_s35.cnf
A_density_random_n60_k3_d0p03_s36,A_density,random,60,3,0.03,36,180,399,SAT,0.002508,0.000978,0,1,0,10,cnfs/A_density_random_n60_k3_d0p03_s36.cnf
A_density_random_n60_k3_d0p03_s37,A_density,random,60,3,0.03,37,180,399,SAT,0.002885,0.000997,0,1,0,10,cnfs/A_density_random_n60_k3_d0p03_s37.cnf
A_density_random_n60_k3_d0p03_s38,A_density,random,60,3,0.03,38,180,399,SAT,0.002630,0.000941,0,1,0,10,cnfs/A_density_random_n60_k3_d0p03_s38.cnf
A_density_random_n60_k3_d0p03_s39,A_density,random,60,3,0.03,39,180,399,SAT,0.002525,0.000932,0,1,0,10,cnfs/A_density_random_n60_k3_d0p03_s39.cnf
A_density_random_n60_k3_d0p03_s4,A_density,random,60,3,0.03,4,180,399,SAT,0.002609,0.000933,0,1,0,10,cnfs/A_density_random_n60_k3_d0p03_s4.cnf
A_density_random_n60_k3_d0p03_s40,A_density,random,60,3,0.03,40,180,399,SAT,0.002547,0.000912,0,1,0,10,cnfs/A_density_random_n60_k3_d0p03_s40.cnf
A_density_random_n60_k3_d0p03_s5,A_density,random,60,3,0.03,5,180,399,SAT,0.002429,0.00089,0,1,0,10,cnfs/A_density_random_n60_k3_d0p03_s5.cnf
A_density_random_n60_k3_d0p03_s6,A_density,random,60,3,0.03,6,180,399,SAT,0.002935,0.001095,0,1,0,10,cnfs/A_density_random_n60_k3_d0p03_s6.cnf
A_density_random_n60_k3_d0p03_s7,A_density,random,60,3,0.03,7,180,399,SAT,0.002704,0.001016,0,1,0,10,cnfs/A_density_random_n60_k3_d0p03_s7.cnf
A_density_random_n60_k3_d0p03_s8,A_density,random,60,3,0.03,8,180,399,SAT,0.002626,0.000954,0,1,0,10,cnfs/A_density_random_n60_k3_d0p03_s8.cnf
A_density_random_n60_k3_d0p03_s9,A_density,random,60,3,0.03,9,180,399,SAT,0.002666,0.000967,0,1,0,10,cnfs/A_density_random_n60_k3_d0p03_s9.cnf
A_density_random_n60_k3_d0p045_s1,A_density,random,60,3,0.045,1,180,480,SAT,0.002739,0.001029,0,1,0,10,cnfs/A_density_random_n60_k3_d0p045_s1.cnf
A_density_random_n60_k3_d0p045_s10,A_density,random,60,3,0.045,10,180,480,SAT,0.002669,0.001056,0,1,0,10,cnfs/A_density_random_n60_k3_d0p045_s10.cnf
A_density_random_n60_k3_d0p045_s11,A_density,random,60,3,0.045,11,180,480,SAT,0.002901,0.001145,0,1,0,10,cnfs/A_density_random_n60_k3_d0p045_s11.cnf
A_density_random_n60_k3_d0p045_s12,A_density,random,60,3,0.045,12,180,480,SAT,0.002760,0.001054,0,1,0,10,cnfs/A_density_random_n60_k3_d0p045_s12.cnf
A_density_random_n60_k3_d0p045_s13,A_density,random,60,3,0.045,13,180,480,SAT,0.002767,0.001089,0,1,0,10,cnfs/A_density_random_n60_k3_d0p045_s13.cnf
A_density_random_n60_k3_d0p045_s14,A_density,random,60,3,0.045,14,180,480,SAT,0.002723,0.001072,0,1,0,10,cnfs/A_density_random_n60_k3_d0p045_s14.cnf
A_density_random_n60_k3_d0p045_s15,A_density,random,60,3,0.045,15,180,480,SAT,0.002633,0.001053,0,1,0,10,cnfs/A_density_random_n60_k3_d0p045_s15.cnf
A_density_random_n60_k3_d0p045_s16,A_density,random,60,3,0.045,16,180,480,SAT,0.004547,0.001569,0,1,0,10,cnfs/A_density_random_n60_k3_d0p045_s16.cnf
A_density_random_n60_k3_d0p045_s17,A_density,random,60,3,0.045,17,180,480,SAT,0.004210,0.001253,0,1,0,10,cnfs/A_density_random_n60_k3_d0p045_s17.cnf
A_density_random_n60_k3_d0p045_s18,A_density,random,60,3,0.045,18,180,480,SAT,0.004132,0.001345,0,18,37,10,cnfs/A_density_random_n60_k3_d0p045_s18.cnf
A_density_random_n60_k3_d0p045_s19,A_density,random,60,3,0.045,19,180,480,SAT,0.003013,0.001237,0,1,0,10,cnfs/A_density_random_n60_k3_d0p045_s19.cnf
A_density_random_n60_k3_d0p045_s2,A_density,random,60,3,0.045,2,180,480,SAT,0.003002,0.001157,0,1,0,10,cnfs/A_density_random_n60_k3_d0p045_s2.cnf
A_density_random_n60_k3_d0p045_s20,A_density,random,60,3,0.045,20,180,480,SAT,0.002885,0.001098,0,1,0,10,cnfs/A_density_random_n60_k3_d0p045_s20.cnf
A_density_random_n60_k3_d0p045_s21,A_density,random,60,3,0.045,21,180,480,SAT,0.002743,0.001103,0,1,0,10,cnfs/A_density_random_n60_k3_d0p045_s21.cnf
A_density_random_n60_k3_d0p045_s22,A_density,random,60,3,0.045,22,180,480,SAT,0.002749,0.001072,0,1,0,10,cnfs/A_density_random_n60_k3_d0p045_s22.cnf
A_density_random_n60_k3_d0p045_s23,A_density,random,60,3,0.045,23,180,480,SAT,0.002659,0.001079,0,1,0,10,cnfs/A_density_random_n60_k3_d0p045_s23.cnf
A_density_random_n60_k3_d0p045_s24,A_density,random,60,3,0.045,24,180,480,SAT,0.002694,0.001059,0,1,0,10,cnfs/A_density_random_n60_k3_d0p045_s24.cnf
A_density_random_n60_k3_d0p045_s25,A_density,random,60,3,0.045,25,180,480,SAT,0.003058,0.00114,0,1,0,10,cnfs/A_density_random_n60_k3_d0p045_s25.cnf
A_density_random_n60_k3_d0p045_s26,A_density,random,60,3,0.045,26,180,480,SAT,0.002845,0.001098,0,1,0,10,cnfs/A_density_random_n60_k3_d0p045_s26.cnf
A_density_random_n60_k3_d0p045_s27,A_density,random,60,3,0.045,27,180,480,SAT,0.002758,0.001046,0,1,0,10,cnfs/A_density_random_n60_k3_d0p045_s27.cnf
A_density_random_n60_k3_d0p045_s28,A_density,random,60,3,0.045,28,180,480,SAT,0.002710,0.001074,0,1,0,10,cnfs/A_density_random_n60_k3_d0p045_s28.cnf
A_density_random_n60_k3_d0p045_s29,A_density,random,60,3,0.045,29,180,480,SAT,0.002464,0.000998,0,1,0,10,cnfs/A_density_random_n60_k3_d0p045_s29.cnf
A_density_random_n60_k3_d0p045_s3,A_density,random,60,3,0.045,3,180,480,SAT,0.002978,0.001168,0,1,0,10,cnfs/A_density_random_n60_k3_d0p045_s3.cnf
A_density_random_n60_k3_d0p045_s30,A_density,random,60,3,0.045,30,180,480,SAT,0.003428,0.001308,0,1,0,10,cnfs/A_density_random_n60_k3_d0p045_s30.cnf
A_density_random_n60_k3_d0p045_s31,A_density,random,60,3,0.045,31,180,480,SAT,0.002744,0.001085,0,1,0,10,cnfs/A_density_random_n60_k3_d0p045_s31.cnf
A_density_random_n60_k3_d0p045_s32,A_density,random,60,3,0.045,32,180,480,SAT,0.002793,0.001075,0,1,0,10,cnfs/A_density_random_n60_k3_d0p045_s32.cnf
A_density_random_n60_k3_d0p045_s33,A_density,random,60,3,0.045,33,180,480,SAT,0.002704,0.001077,0,1,0,10,cnfs/A_density_random_n60_k3_d0p045_s33.cnf
A_density_random_n60_k3_d0p045_s34,A_density,random,60,3,0.045,34,180,480,SAT,0.002766,0.001055,0,1,0,10,cnfs/A_density_random_n60_k3_d0p045_s34.cnf
A_density_random_n60_k3_d0p045_s35,A_density,random,60,3,0.045,35,180,480,SAT,0.003311,0.001229,0,1,0,10,cnfs/A_density_random_n60_k3_d0p045_s35.cnf
A_density_random_n60_k3_d0p045_s36,A_density,random,60,3,0.045,36,180,480,SAT,0.002960,0.001171,0,1,0,10,cnfs/A_density_random_n60_k3_d0p045_s36.cnf
A_density_random_n60_k3_d0p045_s37,A_density,random,60,3,0.045,37,180,480,SAT,0.002964,0.001187,0,1,0,10,cnfs/A_density_random_n60_k3_d0p045_s37.cnf
A_density_random_n60_k3_d0p045_s38,A_density,random,60,3,0.045,38,180,480,SAT,0.002757,0.001067,0,1,0,10,cnfs/A_density_random_n60_k3_d0p045_s38.cnf
A_density_random_n60_k3_d0p045_s39,A_density,random,60,3,0.045,39,180,480,SAT,0.002668,0.001033,0,1,0,10,cnfs/A_density_random_n60_k3_d0p045_s39.cnf
A_density_random_n60_k3_d0p045_s4,A_density,random,60,3,0.045,4,180,480,SAT,0.002944,0.001177,0,1,0,10,cnfs/A_density_random_n60_k3_d0p045_s4.cnf
A_density_random_n60_k3_d0p045_s40,A_density,random,60,3,0.045,40,180,480,SAT,0.004236,0.00115,0,1,0,10,cnfs/A_density_random_n60_k3_d0p045_s40.cnf
A_density_random_n60_k3_d0p045_s5,A_density,random,60,3,0.045,5,180,480,SAT,0.004196,0.00113,0,1,0,10,cnfs/A_density_random_n60_k3_d0p045_s5.cnf
A_density_random_n60_k3_d0p045_s6,A_density,random,60,3,0.045,6,180,480,SAT,0.003211,0.001207,0,1,0,10,cnfs/A_density_random_n60_k3_d0p045_s6.cnf
A_density_random_n60_k3_d0p045_s7,A_density,random,60,3,0.045,7,180,480,SAT,0.002919,0.001122,0,1,0,10,cnfs/A_density_random_n60_k3_d0p045_s7.cnf
A_density_random_n60_k3_d0p045_s8,A_density,random,60,3,0.045,8,180,480,SAT,0.002917,0.001177,0,1,0,10,cnfs/A_density_random_n60_k3_d0p045_s8.cnf
A_density_random_n60_k3_d0p045_s9,A_density,random,60,3,0.045,9,180,480,SAT,0.002846,0.001083,0,1,0,10,cnfs/A_density_random_n60_k3_d0p045_s9.cnf
A_density_random_n60_k3_d0p04_s1,A_density,random,60,3,0.04,1,180,453,SAT,0.002653,0.001002,0,1,0,10,cnfs/A_density_random_n60_k3_d0p04_s1.cnf
A_density_random_n60_k3_d0p04_s10,A_density,random,60,3,0.04,10,180,453,SAT,0.002778,0.001047,0,1,0,10,cnfs/A_density_random_n60_k3_d0p04_s10.cnf
A_density_random_n60_k3_d0p04_s11,A_density,random,60,3,0.04,11,180,453,SAT,0.002934,0.001078,0,1,0,10,cnfs/A_density_random_n60_k3_d0p04_s11.cnf
A_density_random_n60_k3_d0p04_s12,A_density,random,60,3,0.04,12,180,453,SAT,0.002717,0.000989,0,1,0,10,cnfs/A_density_random_n60_k3_d0p04_s12.cnf
A_density_random_n60_k3_d0p04_s13,A_density,random,60,3,0.04,13,180,453,SAT,0.002946,0.001048,0,1,0,10,cnfs/A_density_random_n60_k3_d0p04_s13.cnf
A_density_random_n60_k3_d0p04_s14,A_density,random,60,3,0.04,14,180,453,SAT,0.002848,0.001055,0,1,0,10,cnfs/A_density_random_n60_k3_d0p04_s14.cnf
A_density_random_n60_k3_d0p04_s15,A_density,random,60,3,0.04,15,180,453,SAT,0.003467,0.001164,0,1,0,10,cnfs/A_density_random_n60_k3_d0p04_s15.cnf
A_density_random_n60_k3_d0p04_s16,A_density,random,60,3,0.04,16,180,453,SAT,0.004304,0.001332,0,1,0,10,cnfs/A_density_random_n60_k3_d0p04_s16.cnf
A_density_random_n60_k3_d0p04_s17,A_density,random,60,3,0.04,17,180,453,SAT,0.003619,0.001131,0,1,0,10,cnfs/A_density_random_n60_k3_d0p04_s17.cnf
A_density_random_n60_k3_d0p04_s18,A_density,random,60,3,0.04,18,180,453,SAT,0.003235,0.001172,0,1,0,10,cnfs/A_density_random_n60_k3_d0p04_s18.cnf
A_density_random_n60_k3_d0p04_s19,A_density,random,60,3,0.04,19,180,453,SAT,0.002862,0.001078,0,1,0,10,cnfs/A_density_random_n60_k3_d0p04_s19.cnf
A_density_random_n60_k3_d0p04_s2,A_density,random,60,3,0.04,2,180,453,SAT,0.003202,0.001185,0,1,0,10,cnfs/A_density_random_n60_k3_d0p04_s2.cnf
A_density_random_n60_k3_d0p04_s20,A_density,random,60,3,0.04,20,180,453,SAT,0.005119,0.001126,0,1,0,10,cnfs/A_density_random_n60_k3_d0p04_s20.cnf
A_density_random_n60_k3_d0p04_s21,A_density,random,60,3,0.04,21,180,453,SAT,0.002902,0.001027,0,1,0,10,cnfs/A_density_random_n60_k3_d0p04_s21.cnf
A_density_random_n60_k3_d0p04_s22,A_density,random,60,3,0.04,22,180,453,SAT,0.002829,0.001052,0,1,0,10,cnfs/A_density_random_n60_k3_d0p04_s22.cnf
A_density_random_n60_k3_d0p04_s23,A_density,random,60,3,0.04,23,180,453,SAT,0.002748,0.001049,0,1,0,10,cnfs/A_density_random_n60_k3_d0p04_s23.cnf
A_density_random_n60_k3_d0p04_s24,A_density,random,60,3,0.04,24,180,453,SAT,0.003176,0.001115,0,1,0,10,cnfs/A_density_random_n60_k3_d0p04_s24.cnf
A_density_random_n60_k3_d0p04_s25,A_density,random,60,3,0.04,25,180,453,SAT,0.002649,0.000997,0,1,0,10,cnfs/A_density_random_n60_k3_d0p04_s25.cnf
A_density_random_n60_k3_d0p04_s26,A_density,random,60,3,0.04,26,180,453,SAT,0.002723,0.001023,0,1,0,10,cnfs/A_density_random_n60_k3_d0p04_s26.cnf
A_density_random_n60_k3_d0p04_s27,A_density,random,60,3,0.04,27,180,453,SAT,0.002600,0.000984,0,1,0,10,cnfs/A_density_random_n60_k3_d0p04_s27.cnf
A_density_random_n60_k3_d0p04_s28,A_density,random,60,3,0.04,28,180,453,SAT,0.002669,0.001034,0,1,0,10,cnfs/A_density_random_n60_k3_d0p04_s28.cnf
A_density_random_n60_k3_d0p04_s29,A_density,random,60,3,0.04,29,180,453,SAT,0.003707,0.001188,0,1,0,10,cnfs/A_density_random_n60_k3_d0p04_s29.cnf
A_density_random_n60_k3_d0p04_s3,A_density,random,60,3,0.04,3,180,453,SAT,0.004039,0.001281,0,1,0,10,cnfs/A_density_random_n60_k3_d0p04_s3.cnf
A_density_random_n60_k3_d0p04_s30,A_density,random,60,3,0.04,30,180,453,SAT,0.003712,0.001268,0,1,0,10,cnfs/A_density_random_n60_k3_d0p04_s30.cnf
A_density_random_n60_k3_d0p04_s31,A_density,random,60,3,0.04,31,180,453,SAT,0.003449,0.001185,0,1,0,10,cnfs/A_density_random_n60_k3_d0p04_s31.cnf
A_density_random_n60_k3_d0p04_s32,A_density,random,60,3,0.04,32,180,453,SAT,0.003922,0.00122,0,1,0,10,cnfs/A_density_random_n60_k3_d0p04_s32.cnf
A_density_random_n60_k3_d0p04_s33,A_density,random,60,3,0.04,33,180,453,SAT,0.003167,0.001154,0,1,0,10,cnfs/A_density_random_n60_k3_d0p04_s33.cnf
A_density_random_n60_k3_d0p04_s34,A_density,random,60,3,0.04,34,180,453,SAT,0.002823,0.001044,0,1,0,10,cnfs/A_density_random_n60_k3_d0p04_s34.cnf
A_density_random_n60_k3_d0p04_s35,A_density,random,60,3,0.04,35,180,453,SAT,0.002881,0.001025,0,1,0,10,cnfs/A_density_random_n60_k3_d0p04_s35.cnf
A_density_random_n60_k3_d0p04_s36,A_density,random,60,3,0.04,36,180,453,SAT,0.002818,0.001088,0,1,0,10,cnfs/A_density_random_n60_k3_d0p04_s36.cnf
A_density_random_n60_k3_d0p04_s37,A_density,random,60,3,0.04,37,180,453,SAT,0.003165,0.00112,0,1,0,10,cnfs/A_density_random_n60_k3_d0p04_s37.cnf
A_density_random_n60_k3_d0p04_s38,A_density,random,60,3,0.04,38,180,453,SAT,0.002985,0.001078,0,1,0,10,cnfs/A_density_random_n60_k3_d0p04_s38.cnf
A_density_random_n60_k3_d0p04_s39,A_density,random,60,3,0.04,39,180,453,SAT,0.002938,0.00106,0,1,0,10,cnfs/A_density_random_n60_k3_d0p04_s39.cnf
A_density_random_n60_k3_d0p04_s4,A_density,random,60,3,0.04,4,180,453,SAT,0.002794,0.001042,0,1,0,10,cnfs/A_density_random_n60_k3_d0p04_s4.cnf
A_density_random_n60_k3_d0p04_s40,A_density,random,60,3,0.04,40,180,453,SAT,0.002773,0.00104,0,1,0,10,cnfs/A_density_random_n60_k3_d0p04_s40.cnf
A_density_random_n60_k3_d0p04_s5,A_density,random,60,3,0.04,5,180,453,SAT,0.003142,0.001088,0,1,0,10,cnfs/A_density_random_n60_k3_d0p04_s5.cnf
A_density_random_n60_k3_d0p04_s6,A_density,random,60,3,0.04,6,180,453,SAT,0.003079,0.001176,0,1,0,10,cnfs/A_density_random_n60_k3_d0p04_s6.cnf
A_density_random_n60_k3_d0p04_s7,A_density,random,60,3,0.04,7,180,453,SAT,0.002859,0.001033,0,1,0,10,cnfs/A_density_random_n60_k3_d0p04_s7.cnf
A_density_random_n60_k3_d0p04_s8,A_density,random,60,3,0.04,8,180,453,SAT,0.002847,0.001053,0,1,0,10,cnfs/A_density_random_n60_k3_d0p04_s8.cnf
A_density_random_n60_k3_d0p04_s9,A_density,random,60,3,0.04,9,180,453,SAT,0.002704,0.001015,0,1,0,10,cnfs/A_density_random_n60_k3_d0p04_s9.cnf
A_density_random_n60_k3_d0p055_s1,A_density,random,60,3,0.055,1,180,531,SAT,0.003065,0.001258,0,1,0,10,cnfs/A_density_random_n60_k3_d0p055_s1.cnf
A_density_random_n60_k3_d0p055_s10,A_density,random,60,3,0.055,10,180,531,SAT,0.003385,0.001336,0,1,0,10,cnfs/A_density_random_n60_k3_d0p055_s10.cnf
A_density_random_n60_k3_d0p055_s11,A_density,random,60,3,0.055,11,180,531,SAT,0.003147,0.001298,0,8,12,10,cnfs/A_density_random_n60_k3_d0p055_s11.cnf
A_density_random_n60_k3_d0p055_s12,A_density,random,60,3,0.055,12,180,531,SAT,0.002994,0.00127,0,1,0,10,cnfs/A_density_random_n60_k3_d0p055_s12.cnf
A_density_random_n60_k3_d0p055_s13,A_density,random,60,3,0.055,13,180,531,SAT,0.002975,0.001241,0,9,30,10,cnfs/A_density_random_n60_k3_d0p055_s13.cnf
A_density_random_n60_k3_d0p055_s14,A_density,random,60,3,0.055,14,180,531,SAT,0.003073,0.001364,0,1,0,10,cnfs/A_density_random_n60_k3_d0p055_s14.cnf
A_density_random_n60_k3_d0p055_s15,A_density,random,60,3,0.055,15,180,531,SAT,0.003550,0.001227,0,10,48,10,cnfs/A_density_random_n60_k3_d0p055_s15.cnf
A_density_random_n60_k3_d0p055_s16,A_density,random,60,3,0.055,16,180,531,SAT,0.002858,0.001094,1,13,59,10,cnfs/A_density_random_n60_k3_d0p055_s16.cnf
A_density_random_n60_k3_d0p055_s17,A_density,random,60,3,0.055,17,180,531,SAT,0.003317,0.001328,0,1,0,10,cnfs/A_density_random_n60_k3_d0p055_s17.cnf
A_density_random_n60_k3_d0p055_s18,A_density,random,60,3,0.055,18,180,531,SAT,0.002817,0.001082,0,8,51,10,cnfs/A_density_random_n60_k3_d0p055_s18.cnf
A_density_random_n60_k3_d0p055_s19,A_density,random,60,3,0.055,19,180,531,SAT,0.003044,0.001205,0,18,40,10,cnfs/A_density_random_n60_k3_d0p055_s19.cnf
A_density_random_n60_k3_d0p055_s2,A_density,random,60,3,0.055,2,180,531,SAT,0.003411,0.001266,0,16,39,10,cnfs/A_density_random_n60_k3_d0p055_s2.cnf
A_density_random_n60_k3_d0p055_s20,A_density,random,60,3,0.055,20,180,531,SAT,0.003535,0.00133,0,1,0,10,cnfs/A_density_random_n60_k3_d0p055_s20.cnf
A_density_random_n60_k3_d0p055_s21,A_density,random,60,3,0.055,21,180,531,SAT,0.003211,0.001358,0,1,0,10,cnfs/A_density_random_n60_k3_d0p055_s21.cnf
A_density_random_n60_k3_d0p055_s22,A_density,random,60,3,0.055,22,180,531,SAT,0.003344,0.001374,0,6,12,10,cnfs/A_density_random_n60_k3_d0p055_s22.cnf
A_density_random_n60_k3_d0p055_s23,A_density,random,60,3,0.055,23,180,531,SAT,0.003301,0.00133,0,1,0,10,cnfs/A_density_random_n60_k3_d0p055_s23.cnf
A_density_random_n60_k3_d0p055_s24,A_density,random,60,3,0.055,24,180,531,SAT,0.003103,0.00125,0,16,38,10,cnfs/A_density_random_n60_k3_d0p055_s24.cnf
A_density_random_n60_k3_d0p055_s25,A_density,random,60,3,0.055,25,180,531,SAT,0.003182,0.001237,0,14,41,10,cnfs/A_density_random_n60_k3_d0p055_s25.cnf
A_density_random_n60_k3_d0p055_s26,A_density,random,60,3,0.055,26,180,531,SAT,0.003134,0.001286,0,1,0,10,cnfs/A_density_random_n60_k3_d0p055_s26.cnf
A_density_random_n60_k3_d0p055_s27,A_density,random,60,3,0.055,27,180,531,SAT,0.004681,0.001509,0,1,0,10,cnfs/A_density_random_n60_k3_d0p055_s27.cnf
A_density_random_n60_k3_d0p055_s28,A_density,random,60,3,0.055,28,180,531,SAT,0.003334,0.001191,1,21,52,10,cnfs/A_density_random_n60_k3_d0p055_s28.cnf
A_density_random_n60_k3_d0p055_s29,A_density,random,60,3,0.055,29,180,531,SAT,0.003123,0.001258,0,7,13,10,cnfs/A_density_random_n60_k3_d0p055_s29.cnf
A_density_random_n60_k3_d0p055_s3,A_density,random,60,3,0.055,3,180,531,SAT,0.003202,0.00125,0,11,27,10,cnfs/A_density_random_n60_k3_d0p055_s3.cnf
A_density_random_n60_k3_d0p055_s30,A_density,random,60,3,0.055,30,180,531,SAT,0.003099,0.001198,0,14,39,10,cnfs/A_density_random_n60_k3_d0p055_s30.cnf
A_density_random_n60_k3_d0p055_s31,A_density,random,60,3,0.055,31,180,531,SAT,0.003371,0.001349,0,1,0,10,cnfs/A_density_random_n60_k3_d0p055_s31.cnf
A_density_random_n60_k3_d0p055_s32,A_density,random,60,3,0.055,32,180,531,SAT,0.003155,0.001306,0,12,21,10,cnfs/A_density_random_n60_k3_d0p055_s32.cnf
A_density_random_n60_k3_d0p055_s33,A_density,random,60,3,0.055,33,180,531,SAT,0.003086,0.00123,0,13,28,10,cnfs/A_density_random_n60_k3_d0p055_s33.cnf
A_density_random_n60_k3_d0p055_s34,A_density,random,60,3,0.055,34,180,531,SAT,0.003238,0.001397,0,1,0,10,cnfs/A_density_random_n60_k3_d0p055_s34.cnf
A_density_random_n60_k3_d0p055_s35,A_density,random,60,3,0.055,35,180,531,SAT,0.003169,0.001213,0,17,48,10,cnfs/A_density_random_n60_k3_d0p055_s35.cnf
A_density_random_n60_k3_d0p055_s36,A_density,random,60,3,0.055,36,180,531,SAT,0.003125,0.001155,0,15,50,10,cnfs/A_density_random_n60_k3_d0p055_s36.cnf
A_density_random_n60_k3_d0p055_s37,A_density,random,60,3,0.055,37,180,531,SAT,0.003127,0.001285,0,17,43,10,cnfs/A_density_random_n60_k3_d0p055_s37.cnf
A_density_random_n60_k3_d0p055_s38,A_density,random,60,3,0.055,38,180,531,SAT,0.003051,0.001246,0,1,0,10,cnfs/A_density_random_n60_k3_d0p055_s38.cnf
A_density_random_n60_k3_d0p055_s39,A_density,random,60,3,0.055,39,180,531,SAT,0.003230,0.001327,0,1,0,10,cnfs/A_density_random_n60_k3_d0p055_s39.cnf
A_density_random_n60_k3_d0p055_s4,A_density,random,60,3,0.055,4,180,531,SAT,0.003653,0.001514,0,1,0,10,cnfs/A_density_random_n60_k3_d0p055_s4.cnf
A_density_random_n60_k3_d0p055_s40,A_density,random,60,3,0.055,40,180,531,SAT,0.003249,0.001335,0,10,28,10,cnfs/A_density_random_n60_k3_d0p055_s40.cnf
A_density_random_n60_k3_d0p055_s5,A_density,random,60,3,0.055,5,180,531,SAT,0.003218,0.001283,0,1,0,10,cnfs/A_density_random_n60_k3_d0p055_s5.cnf
A_density_random_n60_k3_d0p055_s6,A_density,random,60,3,0.055,6,180,531,SAT,0.003054,0.001261,6,19,95,10,cnfs/A_density_random_n60_k3_d0p055_s6.cnf
A_density_random_n60_k3_d0p055_s7,A_density,random,60,3,0.055,7,180,531,SAT,0.003114,0.001433,0,1,0,10,cnfs/A_density_random_n60_k3_d0p055_s7.cnf
A_density_random_n60_k3_d0p055_s8,A_density,random,60,3,0.055,8,180,531,UNSAT,0.003444,0.001373,26,30,309,20,cnfs/A_density_random_n60_k3_d0p055_s8.cnf
A_density_random_n60_k3_d0p055_s9,A_density,random,60,3,0.055,9,180,531,SAT,0.003669,0.001335,0,1,0,10,cnfs/A_density_random_n60_k3_d0p055_s9.cnf
A_density_random_n60_k3_d0p05_s1,A_density,random,60,3,0.05,1,180,504,SAT,0.002998,0.001197,0,1,0,10,cnfs/A_density_random_n60_k3_d0p05_s1.cnf
A_density_random_n60_k3_d0p05_s10,A_density,random,60,3,0.05,10,180,504,SAT,0.002854,0.001094,0,1,0,10,cnfs/A_density_random_n60_k3_d0p05_s10.cnf
A_density_random_n60_k3_d0p05_s11,A_density,random,60,3,0.05,11,180,504,SAT,0.003078,0.001226,0,1,0,10,cnfs/A_density_random_n60_k3_d0p05_s11.cnf
A_density_random_n60_k3_d0p05_s12,A_density,random,60,3,0.05,12,180,504,SAT,0.004520,0.001305,0,1,0,10,cnfs/A_density_random_n60_k3_d0p05_s12.cnf
A_density_random_n60_k3_d0p05_s13,A_density,random,60,3,0.05,13,180,504,SAT,0.003099,0.00129,0,1,0,10,cnfs/A_density_random_n60_k3_d0p05_s13.cnf
A_density_random_n60_k3_d0p05_s14,A_density,random,60,3,0.05,14,180,504,SAT,0.003581,0.001143,0,1,0,10,cnfs/A_density_random_n60_k3_d0p05_s14.cnf
A_density_random_n60_k3_d0p05_s15,A_density,random,60,3,0.05,15,180,504,SAT,0.003108,0.001268,0,1,0,10,cnfs/A_density_random_n60_k3_d0p05_s15.cnf
A_density_random_n60_k3_d0p05_s16,A_density,random,60,3,0.05,16,180,504,SAT,0.003695,0.001272,0,13,32,10,cnfs/A_density_random_n60_k3_d0p05_s16.cnf
A_density_random_n60_k3_d0p05_s17,A_density,random,60,3,0.05,17,180,504,SAT,0.003865,0.001154,0,1,0,10,cnfs/A_density_random_n60_k3_d0p05_s17.cnf
A_density_random_n60_k3_d0p05_s18,A_density,random,60,3,0.05,18,180,504,SAT,0.003998,0.001224,2,15,82,10,cnfs/A_density_random_n60_k3_d0p05_s18.cnf
A_density_random_n60_k3_d0p05_s19,A_density,random,60,3,0.05,19,180,504,SAT,0.004200,0.001226,0,1,0,10,cnfs/A_density_random_n60_k3_d0p05_s19.cnf
A_density_random_n60_k3_d0p05_s2,A_density,random,60,3,0.05,2,180,504,SAT,0.003872,0.001196,0,1,0,10,cnfs/A_density_random_n60_k3_d0p05_s2.cnf
A_density_random_n60_k3_d0p05_s20,A_density,random,60,3,0.05,20,180,504,SAT,0.003522,0.001207,0,1,0,10,cnfs/A_density_random_n60_k3_d0p05_s20.cnf
A_density_random_n60_k3_d0p05_s21,A_density,random,60,3,0.05,21,180,504,SAT,0.003849,0.001239,0,1,0,10,cnfs/A_density_random_n60_k3_d0p05_s21.cnf
A_density_random_n60_k3_d0p05_s22,A_density,random,60,3,0.05,22,180,504,SAT,0.003302,0.001181,0,1,0,10,cnfs/A_density_random_n60_k3_d0p05_s22.cnf
A_density_random_n60_k3_d0p05_s23,A_density,random,60,3,0.05,23,180,504,SAT,0.003048,0.001255,0,1,0,10,cnfs/A_density_random_n60_k3_d0p05_s23.cnf
A_density_random_n60_k3_d0p05_s24,A_density,random,60,3,0.05,24,180,504,SAT,0.003110,0.00119,0,1,0,10,cnfs/A_density_random_n60_k3_d0p05_s24.cnf
A_density_random_n60_k3_d0p05_s25,A_density,random,60,3,0.05,25,180,504,SAT,0.002968,0.001176,0,1,0,10,cnfs/A_density_random_n60_k3_d0p05_s25.cnf
A_density_random_n60_k3_d0p05_s26,A_density,random,60,3,0.05,26,180,504,SAT,0.002974,0.001137,0,1,0,10,cnfs/A_density_random_n60_k3_d0p05_s26.cnf
A_density_random_n60_k3_d0p05_s27,A_density,random,60,3,0.05,27,180,504,SAT,0.002853,0.001128,0,1,0,10,cnfs/A_density_random_n60_k3_d0p05_s27.cnf
A_density_random_n60_k3_d0p05_s28,A_density,random,60,3,0.05,28,180,504,SAT,0.003302,0.001239,1,11,32,10,cnfs/A_density_random_n60_k3_d0p05_s28.cnf
A_density_random_n60_k3_d0p05_s29,A_density,random,60,3,0.05,29,180,504,SAT,0.003155,0.001158,0,1,0,10,cnfs/A_density_random_n60_k3_d0p05_s29.cnf
A_density_random_n60_k3_d0p05_s3,A_density,random,60,3,0.05,3,180,504,SAT,0.002993,0.001158,0,1,0,10,cnfs/A_density_random_n60_k3_d0p05_s3.cnf
A_density_random_n60_k3_d0p05_s30,A_density,random,60,3,0.05,30,180,504,SAT,0.002936,0.001139,0,1,0,10,cnfs/A_density_random_n60_k3_d0p05_s30.cnf
A_density_random_n60_k3_d0p05_s31,A_density,random,60,3,0.05,31,180,504,SAT,0.002918,0.001153,0,1,0,10,cnfs/A_density_random_n60_k3_d0p05_s31.cnf
A_density_random_n60_k3_d0p05_s32,A_density,random,60,3,0.05,32,180,504,SAT,0.003108,0.001179,0,1,0,10,cnfs/A_density_random_n60_k3_d0p05_s32.cnf
A_density_random_n60_k3_d0p05_s33,A_density,random,60,3,0.05,33,180,504,SAT,0.003221,0.001322,0,1,0,10,cnfs/A_density_random_n60_k3_d0p05_s33.cnf
A_density_random_n60_k3_d0p05_s34,A_density,random,60,3,0.05,34,180,504,SAT,0.007194,0.001384,0,1,0,10,cnfs/A_density_random_n60_k3_d0p05_s34.cnf
A_density_random_n60_k3_d0p05_s35,A_density,random,60,3,0.05,35,180,504,SAT,0.003171,0.001269,0,1,0,10,cnfs/A_density_random_n60_k3_d0p05_s35.cnf
A_density_random_n60_k3_d0p05_s36,A_density,random,60,3,0.05,36,180,504,SAT,0.006609,0.001392,0,1,0,10,cnfs/A_density_random_n60_k3_d0p05_s36.cnf
A_density_random_n60_k3_d0p05_s37,A_density,random,60,3,0.05,37,180,504,SAT,0.003110,0.001216,0,11,20,10,cnfs/A_density_random_n60_k3_d0p05_s37.cnf
A_density_random_n60_k3_d0p05_s38,A_density,random,60,3,0.05,38,180,504,SAT,0.002862,0.001097,0,1,0,10,cnfs/A_density_random_n60_k3_d0p05_s38.cnf
A_density_random_n60_k3_d0p05_s39,A_density,random,60,3,0.05,39,180,504,SAT,0.003012,0.001227,0,1,0,10,cnfs/A_density_random_n60_k3_d0p05_s39.cnf
A_density_random_n60_k3_d0p05_s4,A_density,random,60,3,0.05,4,180,504,SAT,0.003427,0.001257,0,1,0,10,cnfs/A_density_random_n60_k3_d0p05_s4.cnf
A_density_random_n60_k3_d0p05_s40,A_density,random,60,3,0.05,40,180,504,SAT,0.003049,0.001189,0,10,25,10,cnfs/A_density_random_n60_k3_d0p05_s40.cnf
A_density_random_n60_k3_d0p05_s5,A_density,random,60,3,0.05,5,180,504,SAT,0.003053,0.001147,0,1,0,10,cnfs/A_density_random_n60_k3_d0p05_s5.cnf
A_density_random_n60_k3_d0p05_s6,A_density,random,60,3,0.05,6,180,504,SAT,0.002889,0.001149,0,1,0,10,cnfs/A_density_random_n60_k3_d0p05_s6.cnf
A_density_random_n60_k3_d0p05_s7,A_density,random,60,3,0.05,7,180,504,SAT,0.003175,0.001285,0,1,0,10,cnfs/A_density_random_n60_k3_d0p05_s7.cnf
A_density_random_n60_k3_d0p05_s8,A_density,random,60,3,0.05,8,180,504,SAT,0.003304,0.001324,0,10,15,10,cnfs/A_density_random_n60_k3_d0p05_s8.cnf
A_density_random_n60_k3_d0p05_s9,A_density,random,60,3,0.05,9,180,504,SAT,0.003060,0.0012,0,1,0,10,cnfs/A_density_random_n60_k3_d0p05_s9.cnf
A_density_random_n60_k3_d0p065_s1,A_density,random,60,3,0.065,1,180,585,SAT,0.003464,0.001324,2,16,77,10,cnfs/A_density_random_n60_k3_d0p065_s1.cnf
A_density_random_n60_k3_d0p065_s10,A_density,random,60,3,0.065,10,180,585,SAT,0.003338,0.001267,4,23,97,10,cnfs/A_density_random_n60_k3_d0p065_s10.cnf
A_density_random_n60_k3_d0p065_s11,A_density,random,60,3,0.065,11,180,585,UNSAT,0.003489,0.001322,9,14,73,20,cnfs/A_density_random_n60_k3_d0p065_s11.cnf
A_density_random_n60_k3_d0p065_s12,A_density,random,60,3,0.065,12,180,585,UNSAT,0.003212,0.001254,10,16,105,20,cnfs/A_density_random_n60_k3_d0p065_s12.cnf
A_density_random_n60_k3_d0p065_s13,A_density,random,60,3,0.065,13,180,585,SAT,0.003158,0.001249,7,16,173,10,cnfs/A_density_random_n60_k3_d0p065_s13.cnf
A_density_random_n60_k3_d0p065_s14,A_density,random,60,3,0.065,14,180,585,SAT,0.003098,0.001187,5,21,127,10,cnfs/A_density_random_n60_k3_d0p065_s14.cnf
A_density_random_n60_k3_d0p065_s15,A_density,random,60,3,0.065,15,180,585,SAT,0.003573,0.00129,0,10,66,10,cnfs/A_density_random_n60_k3_d0p065_s15.cnf
A_density_random_n60_k3_d0p065_s16,A_density,random,60,3,0.065,16,180,585,UNSAT,0.005086,0.001587,57,67,1541,20,cnfs/A_density_random_n60_k3_d0p065_s16.cnf
A_density_random_n60_k3_d0p065_s17,A_density,random,60,3,0.065,17,180,585,SAT,0.003578,0.001339,0,19,59,10,cnfs/A_density_random_n60_k3_d0p065_s17.cnf
A_density_random_n60_k3_d0p065_s18,A_density,random,60,3,0.065,18,180,585,UNSAT,0.003245,0.00127,21,22,530,20,cnfs/A_density_random_n60_k3_d0p065_s18.cnf
A_density_random_n60_k3_d0p065_s19,A_density,random,60,3,0.065,19,180,585,SAT,0.003183,0.001212,3,17,134,10,cnfs/A_density_random_n60_k3_d0p065_s19.cnf
A_density_random_n60_k3_d0p065_s2,A_density,random,60,3,0.065,2,180,585,SAT,0.003113,0.001235,0,12,64,10,cnfs/A_density_random_n60_k3_d0p065_s2.cnf
A_density_random_n60_k3_d0p065_s20,A_density,random,60,3,0.065,20,180,585,SAT,0.003127,0.001236,2,19,89,10,cnfs/A_density_random_n60_k3_d0p065_s20.cnf
A_density_random_n60_k3_d0p065_s21,A_density,random,60,3,0.065,21,180,585,SAT,0.003053,0.00118,0,16,73,10,cnfs/A_density_random_n60_k3_d0p065_s21.cnf
A_density_random_n60_k3_d0p065_s22,A_density,random,60,3,0.065,22,180,585,SAT,0.004078,0.001374,2,20,93,10,cnfs/A_density_random_n60_k3_d0p065_s22.cnf
A_density_random_n60_k3_d0p065_s23,A_density,random,60,3,0.065,23,180,585,SAT,0.003745,0.001379,7,22,179,10,cnfs/A_density_random_n60_k3_d0p065_s23.cnf
A_density_random_n60_k3_d0p065_s24,A_density,random,60,3,0.065,24,180,585,SAT,0.003334,0.001305,0,24,73,10,cnfs/A_density_random_n60_k3_d0p065_s24.cnf
A_density_random_n60_k3_d0p065_s25,A_density,random,60,3,0.065,25,180,585,SAT,0.003108,0.001229,10,20,296,10,cnfs/A_density_random_n60_k3_d0p065_s25.cnf
A_density_random_n60_k3_d0p065_s26,A_density,random,60,3,0.065,26,180,585,SAT,0.003152,0.001257,0,8,56,10,cnfs/A_density_random_n60_k3_d0p065_s26.cnf
A_density_random_n60_k3_d0p065_s27,A_density,random,60,3,0.065,27,180,585,SAT,0.003188,0.001256,2,16,117,10,cnfs/A_density_random_n60_k3_d0p065_s27.cnf
A_density_random_n60_k3_d0p065_s28,A_density,random,60,3,0.065,28,180,585,SAT,0.003334,0.001318,1,13,54,10,cnfs/A_density_random_n60_k3_d0p065_s28.cnf
A_density_random_n60_k3_d0p065_s29,A_density,random,60,3,0.065,29,180,585,UNSAT,0.004622,0.001563,31,35,731,20,cnfs/A_density_random_n60_k3_d0p065_s29.cnf
A_density_random_n60_k3_d0p065_s3,A_density,random,60,3,0.065,3,180,585,SAT,0.003683,0.001293,1,17,78,10,cnfs/A_density_random_n60_k3_d0p065_s3.cnf
A_density_random_n60_k3_d0p065_s30,A_density,random,60,3,0.065,30,180,585,UNSAT,0.003138,0.001282,6,11,75,20,cnfs/A_density_random_n60_k3_d0p065_s30.cnf
A_density_random_n60_k3_d0p065_s31,A_density,random,60,3,0.065,31,180,585,SAT,0.003389,0.001255,4,24,162,10,cnfs/A_density_random_n60_k3_d0p065_s31.cnf
A_density_random_n60_k3_d0p065_s32,A_density,random,60,3,0.065,32,180,585,SAT,0.003260,0.001306,0,16,66,10,cnfs/A_density_random_n60_k3_d0p065_s32.cnf
A_density_random_n60_k3_d0p065_s33,A_density,random,60,3,0.065,33,180,585,SAT,0.003073,0.001195,12,25,277,10,cnfs/A_density_random_n60_k3_d0p065_s33.cnf
A_density_random_n60_k3_d0p065_s34,A_density,random,60,3,0.065,34,180,585,SAT,0.003059,0.001215,1,14,73,10,cnfs/A_density_random_n60_k3_d0p065_s34.cnf
A_density_random_n60_k3_d0p065_s35,A_density,random,60,3,0.065,35,180,585,UNSAT,0.003023,0.00124,36,37,786,20,cnfs/A_density_random_n60_k3_d0p065_s35.cnf
A_density_random_n60_k3_d0p065_s36,A_density,random,60,3,0.065,36,180,585,SAT,0.003198,0.001201,1,17,70,10,cnfs/A_density_random_n60_k3_d0p065_s36.cnf
A_density_random_n60_k3_d0p065_s37,A_density,random,60,3,0.065,37,180,585,SAT,0.003275,0.001247,3,14,122,10,cnfs/A_density_random_n60_k3_d0p065_s37.cnf
A_density_random_n60_k3_d0p065_s38,A_density,random,60,3,0.065,38,180,585,SAT,0.003045,0.001197,2,17,95,10,cnfs/A_density_random_n60_k3_d0p065_s38.cnf
A_density_random_n60_k3_d0p065_s39,A_density,random,60,3,0.065,39,180,585,SAT,0.003032,0.001247,3,17,91,10,cnfs/A_density_random_n60_k3_d0p065_s39.cnf
A_density_random_n60_k3_d0p065_s4,A_density,random,60,3,0.065,4,180,585,SAT,0.003049,0.001221,0,21,67,10,cnfs/A_density_random_n60_k3_d0p065_s4.cnf
A_density_random_n60_k3_d0p065_s40,A_density,random,60,3,0.065,40,180,585,UNSAT,0.003225,0.001281,8,12,61,20,cnfs/A_density_random_n60_k3_d0p065_s40.cnf
A_density_random_n60_k3_d0p065_s5,A_density,random,60,3,0.065,5,180,585,SAT,0.003282,0.001288,2,10,86,10,cnfs/A_density_random_n60_k3_d0p065_s5.cnf
A_density_random_n60_k3_d0p065_s6,A_density,random,60,3,0.065,6,180,585,SAT,0.005667,0.001247,2,14,116,10,cnfs/A_density_random_n60_k3_d0p065_s6.cnf
A_density_random_n60_k3_d0p065_s7,A_density,random,60,3,0.065,7,180,585,SAT,0.003427,0.00128,3,19,118,10,cnfs/A_density_random_n60_k3_d0p065_s7.cnf
A_density_random_n60_k3_d0p065_s8,A_density,random,60,3,0.065,8,180,585,UNSAT,0.003724,0.001345,26,29,671,20,cnfs/A_density_random_n60_k3_d0p065_s8.cnf
A_density_random_n60_k3_d0p065_s9,A_density,random,60,3,0.065,9,180,585,SAT,0.003353,0.001291,4,20,112,10,cnfs/A_density_random_n60_k3_d0p065_s9.cnf
A_density_random_n60_k3_d0p06_s1,A_density,random,60,3,0.06,1,180,558,SAT,0.004348,0.001339,2,34,122,10,cnfs/A_density_random_n60_k3_d0p06_s1.cnf
A_density_random_n60_k3_d0p06_s10,A_density,random,60,3,0.06,10,180,558,SAT,0.004020,0.001357,1,18,51,10,cnfs/A_density_random_n60_k3_d0p06_s10.cnf
A_density_random_n60_k3_d0p06_s11,A_density,random,60,3,0.06,11,180,558,SAT,0.003925,0.001403,1,11,53,10,cnfs/A_density_random_n60_k3_d0p06_s11.cnf
A_density_random_n60_k3_d0p06_s12,A_density,random,60,3,0.06,12,180,558,SAT,0.003529,0.001347,0,17,45,10,cnfs/A_density_random_n60_k3_d0p06_s12.cnf
A_density_random_n60_k3_d0p06_s13,A_density,random,60,3,0.06,13,180,558,SAT,0.003815,0.001326,2,10,57,10,cnfs/A_density_random_n60_k3_d0p06_s13.cnf
A_density_random_n60_k3_d0p06_s14,A_density,random,60,3,0.06,14,180,558,SAT,0.003425,0.001229,0,12,48,10,cnfs/A_density_random_n60_k3_d0p06_s14.cnf
A_density_random_n60_k3_d0p06_s15,A_density,random,60,3,0.06,15,180,558,SAT,0.003334,0.001203,2,11,93,10,cnfs/A_density_random_n60_k3_d0p06_s15.cnf
A_density_random_n60_k3_d0p06_s16,A_density,random,60,3,0.06,16,180,558,SAT,0.003200,0.001247,7,20,159,10,cnfs/A_density_random_n60_k3_d0p06_s16.cnf
A_density_random_n60_k3_d0p06_s17,A_density,random,60,3,0.06,17,180,558,SAT,0.003274,0.001463,0,1,0,10,cnfs/A_density_random_n60_k3_d0p06_s17.cnf
A_density_random_n60_k3_d0p06_s18,A_density,random,60,3,0.06,18,180,558,SAT,0.002974,0.001147,1,14,82,10,cnfs/A_density_random_n60_k3_d0p06_s18.cnf
A_density_random_n60_k3_d0p06_s19,A_density,random,60,3,0.06,19,180,558,SAT,0.002897,0.001175,3,16,63,10,cnfs/A_density_random_n60_k3_d0p06_s19.cnf
A_density_random_n60_k3_d0p06_s2,A_density,random,60,3,0.06,2,180,558,SAT,0.003124,0.001244,1,24,61,10,cnfs/A_density_random_n60_k3_d0p06_s2.cnf
A_density_random_n60_k3_d0p06_s20,A_density,random,60,3,0.06,20,180,558,SAT,0.003187,0.001286,2,20,62,10,cnfs/A_density_random_n60_k3_d0p06_s20.cnf
A_density_random_n60_k3_d0p06_s21,A_density,random,60,3,0.06,21,180,558,SAT,0.002991,0.00115,1,22,93,10,cnfs/A_density_random_n60_k3_d0p06_s21.cnf
A_density_random_n60_k3_d0p06_s22,A_density,random,60,3,0.06,22,180,558,SAT,0.003260,0.001308,1,19,48,10,cnfs/A_density_random_n60_k3_d0p06_s22.cnf
A_density_random_n60_k3_d0p06_s23,A_density,random,60,3,0.06,23,180,558,SAT,0.002912,0.001263,0,14,39,10,cnfs/A_density_random_n60_k3_d0p06_s23.cnf
A_density_random_n60_k3_d0p06_s24,A_density,random,60,3,0.06,24,180,558,SAT,0.003089,0.001178,2,22,78,10,cnfs/A_density_random_n60_k3_d0p06_s24.cnf
A_density_random_n60_k3_d0p06_s25,A_density,random,60,3,0.06,25,180,558,SAT,0.003144,0.001209,0,17,59,10,cnfs/A_density_random_n60_k3_d0p06_s25.cnf
A_density_random_n60_k3_d0p06_s26,A_density,random,60,3,0.06,26,180,558,SAT,0.003226,0.001354,0,7,16,10,cnfs/A_density_random_n60_k3_d0p06_s26.cnf
A_density_random_n60_k3_d0p06_s27,A_density,random,60,3,0.06,27,180,558,SAT,0.003274,0.001244,1,19,78,10,cnfs/A_density_random_n60_k3_d0p06_s27.cnf
A_density_random_n60_k3_d0p06_s28,A_density,random,60,3,0.06,28,180,558,SAT,0.003010,0.001198,4,20,80,10,cnfs/A_density_random_n60_k3_d0p06_s28.cnf
A_density_random_n60_k3_d0p06_s29,A_density,random,60,3,0.06,29,180,558,SAT,0.003147,0.001313,2,10,52,10,cnfs/A_density_random_n60_k3_d0p06_s29.cnf
A_density_random_n60_k3_d0p06_s3,A_density,random,60,3,0.06,3,180,558,SAT,0.003724,0.00139,0,10,42,10,cnfs/A_density_random_n60_k3_d0p06_s3.cnf
A_density_random_n60_k3_d0p06_s30,A_density,random,60,3,0.06,30,180,558,SAT,0.003053,0.001179,0,13,55,10,cnfs/A_density_random_n60_k3_d0p06_s30.cnf
A_density_random_n60_k3_d0p06_s31,A_density,random,60,3,0.06,31,180,558,SAT,0.003254,0.001428,0,10,23,10,cnfs/A_density_random_n60_k3_d0p06_s31.cnf
A_density_random_n60_k3_d0p06_s32,A_density,random,60,3,0.06,32,180,558,SAT,0.002946,0.001194,0,15,50,10,cnfs/A_density_random_n60_k3_d0p06_s32.cnf
A_density_random_n60_k3_d0p06_s33,A_density,random,60,3,0.06,33,180,558,SAT,0.003372,0.001305,0,15,48,10,cnfs/A_density_random_n60_k3_d0p06_s33.cnf
A_density_random_n60_k3_d0p06_s34,A_density,random,60,3,0.06,34,180,558,SAT,0.003030,0.001165,0,15,51,10,cnfs/A_density_random_n60_k3_d0p06_s34.cnf
A_density_random_n60_k3_d0p06_s35,A_density,random,60,3,0.06,35,180,558,SAT,0.003062,0.001243,1,14,61,10,cnfs/A_density_random_n60_k3_d0p06_s35.cnf
A_density_random_n60_k3_d0p06_s36,A_density,random,60,3,0.06,36,180,558,SAT,0.002858,0.001148,2,22,98,10,cnfs/A_density_random_n60_k3_d0p06_s36.cnf
A_density_random_n60_k3_d0p06_s37,A_density,random,60,3,0.06,37,180,558,SAT,0.002904,0.001195,0,14,55,10,cnfs/A_density_random_n60_k3_d0p06_s37.cnf
A_density_random_n60_k3_d0p06_s38,A_density,random,60,3,0.06,38,180,558,SAT,0.003455,0.001412,4,20,90,10,cnfs/A_density_random_n60_k3_d0p06_s38.cnf
A_density_random_n60_k3_d0p06_s39,A_density,random,60,3,0.06,39,180,558,SAT,0.003082,0.001385,1,15,38,10,cnfs/A_density_random_n60_k3_d0p06_s39.cnf
A_density_random_n60_k3_d0p06_s4,A_density,random,60,3,0.06,4,180,558,SAT,0.002989,0.001209,0,13,47,10,cnfs/A_density_random_n60_k3_d0p06_s4.cnf
A_density_random_n60_k3_d0p06_s40,A_density,random,60,3,0.06,40,180,558,SAT,0.003075,0.001256,0,9,45,10,cnfs/A_density_random_n60_k3_d0p06_s40.cnf
A_density_random_n60_k3_d0p06_s5,A_density,random,60,3,0.06,5,180,558,SAT,0.003216,0.001229,0,12,46,10,cnfs/A_density_random_n60_k3_d0p06_s5.cnf
A_density_random_n60_k3_d0p06_s6,A_density,random,60,3,0.06,6,180,558,SAT,0.003731,0.001355,2,16,96,10,cnfs/A_density_random_n60_k3_d0p06_s6.cnf
A_density_random_n60_k3_d0p06_s7,A_density,random,60,3,0.06,7,180,558,SAT,0.003231,0.001307,3,20,69,10,cnfs/A_density_random_n60_k3_d0p06_s7.cnf
A_density_random_n60_k3_d0p06_s8,A_density,random,60,3,0.06,8,180,558,UNSAT,0.003165,0.001278,21,25,309,20,cnfs/A_density_random_n60_k3_d0p06_s8.cnf
A_density_random_n60_k3_d0p06_s9,A_density,random,60,3,0.06,9,180,558,SAT,0.003122,0.001218,8,21,145,10,cnfs/A_density_random_n60_k3_d0p06_s9.cnf
A_density_random_n60_k3_d0p075_s1,A_density,random,60,3,0.075,1,180,639,SAT,0.003380,0.001299,18,30,543,10,cnfs/A_density_random_n60_k3_d0p075_s1.cnf
A_density_random_n60_k3_d0p075_s10,A_density,random,60,3,0.075,10,180,639,UNSAT,0.003304,0.001275,21,28,562,20,cnfs/A_density_random_n60_k3_d0p075_s10.cnf
A_density_random_n60_k3_d0p075_s11,A_density,random,60,3,0.075,11,180,639,UNSAT,0.002867,0.001167,9,15,96,20,cnfs/A_density_random_n60_k3_d0p075_s11.cnf
A_density_random_n60_k3_d0p075_s12,A_density,random,60,3,0.075,12,180,639,UNSAT,0.002856,0.001139,10,15,162,20,cnfs/A_density_random_n60_k3_d0p075_s12.cnf
A_density_random_n60_k3_d0p075_s13,A_density,random,60,3,0.075,13,180,639,UNSAT,0.002949,0.001205,28,30,539,20,cnfs/A_density_random_n60_k3_d0p075_s13.cnf
A_density_random_n60_k3_d0p075_s14,A_density,random,60,3,0.075,14,180,639,UNSAT,0.003137,0.00129,35,38,895,20,cnfs/A_density_random_n60_k3_d0p075_s14.cnf
A_density_random_n60_k3_d0p075_s15,A_density,random,60,3,0.075,15,180,639,UNSAT,0.003171,0.001321,28,27,682,20,cnfs/A_density_random_n60_k3_d0p075_s15.cnf
A_density_random_n60_k3_d0p075_s16,A_density,random,60,3,0.075,16,180,639,UNSAT,0.002764,0.001124,6,9,61,20,cnfs/A_density_random_n60_k3_d0p075_s16.cnf
A_density_random_n60_k3_d0p075_s17,A_density,random,60,3,0.075,17,180,639,SAT,0.002966,0.001172,6,21,332,10,cnfs/A_density_random_n60_k3_d0p075_s17.cnf
A_density_random_n60_k3_d0p075_s18,A_density,random,60,3,0.075,18,180,639,UNSAT,0.002985,0.001205,18,19,292,20,cnfs/A_density_random_n60_k3_d0p075_s18.cnf
A_density_random_n60_k3_d0p075_s19,A_density,random,60,3,0.075,19,180,639,UNSAT,0.002940,0.001195,15,20,221,20,cnfs/A_density_random_n60_k3_d0p075_s19.cnf
A_density_random_n60_k3_d0p075_s2,A_density,random,60,3,0.075,2,180,639,UNSAT,0.003328,0.001331,7,14,84,20,cnfs/A_density_random_n60_k3_d0p075_s2.cnf
A_density_random_n60_k3_d0p075_s20,A_density,random,60,3,0.075,20,180,639,UNSAT,0.003058,0.001246,31,38,864,20,cnfs/A_density_random_n60_k3_d0p075_s20.cnf
A_density_random_n60_k3_d0p075_s21,A_density,random,60,3,0.075,21,180,639,SAT,0.002937,0.001166,15,24,565,10,cnfs/A_density_random_n60_k3_d0p075_s21.cnf
A_density_random_n60_k3_d0p075_s22,A_density,random,60,3,0.075,22,180,639,SAT,0.002934,0.001148,4,22,192,10,cnfs/A_density_random_n60_k3_d0p075_s22.cnf
A_density_random_n60_k3_d0p075_s23,A_density,random,60,3,0.075,23,180,639,UNSAT,0.002922,0.001207,20,24,593,20,cnfs/A_density_random_n60_k3_d0p075_s23.cnf
A_density_random_n60_k3_d0p075_s24,A_density,random,60,3,0.075,24,180,639,SAT,0.003084,0.001214,1,16,128,10,cnfs/A_density_random_n60_k3_d0p075_s24.cnf
A_density_random_n60_k3_d0p075_s25,A_density,random,60,3,0.075,25,180,639,UNSAT,0.003049,0.001231,29,31,891,20,cnfs/A_density_random_n60_k3_d0p075_s25.cnf
A_density_random_n60_k3_d0p075_s26,A_density,random,60,3,0.075,26,180,639,UNSAT,0.008146,0.001278,13,13,293,20,cnfs/A_density_random_n60_k3_d0p075_s26.cnf
A_density_random_n60_k3_d0p075_s27,A_density,random,60,3,0.075,27,180,639,SAT,0.003301,0.001324,24,32,854,10,cnfs/A_density_random_n60_k3_d0p075_s27.cnf
A_density_random_n60_k3_d0p075_s28,A_density,random,60,3,0.075,28,180,639,SAT,0.003102,0.001258,0,7,75,10,cnfs/A_density_random_n60_k3_d0p075_s28.cnf
A_density_random_n60_k3_d0p075_s29,A_density,random,60,3,0.075,29,180,639,UNSAT,0.003094,0.001279,59,63,1779,20,cnfs/A_density_random_n60_k3_d0p075_s29.cnf
A_density_random_n60_k3_d0p075_s3,A_density,random,60,3,0.075,3,180,639,SAT,0.003078,0.001226,11,27,388,10,cnfs/A_density_random_n60_k3_d0p075_s3.cnf
A_density_random_n60_k3_d0p075_s30,A_density,random,60,3,0.075,30,180,639,UNSAT,0.002839,0.001158,9,10,130,20,cnfs/A_density_random_n60_k3_d0p075_s30.cnf
A_density_random_n60_k3_d0p075_s31,A_density,random,60,3,0.075,31,180,639,SAT,0.003165,0.00125,11,25,353,10,cnfs/A_density_random_n60_k3_d0p075_s31.cnf
A_density_random_n60_k3_d0p075_s32,A_density,random,60,3,0.075,32,180,639,UNSAT,0.003512,0.001464,88,96,2699,20,cnfs/A_density_random_n60_k3_d0p075_s32.cnf
A_density_random_n60_k3_d0p075_s33,A_density,random,60,3,0.075,33,180,639,SAT,0.003024,0.001246,5,15,241,10,cnfs/A_density_random_n60_k3_d0p075_s33.cnf
A_density_random_n60_k3_d0p075_s34,A_density,random,60,3,0.075,34,180,639,SAT,0.003031,0.001199,20,42,651,10,cnfs/A_density_random_n60_k3_d0p075_s34.cnf
A_density_random_n60_k3_d0p075_s35,A_density,random,60,3,0.075,35,180,639,UNSAT,0.002881,0.001156,18,17,348,20,cnfs/A_density_random_n60_k3_d0p075_s35.cnf
A_density_random_n60_k3_d0p075_s36,A_density,random,60,3,0.075,36,180,639,SAT,0.003486,0.001294,7,23,207,10,cnfs/A_density_random_n60_k3_d0p075_s36.cnf
A_density_random_n60_k3_d0p075_s37,A_density,random,60,3,0.075,37,180,639,SAT,0.003379,0.001269,2,15,103,10,cnfs/A_density_random_n60_k3_d0p075_s37.cnf
A_density_random_n60_k3_d0p075_s38,A_density,random,60,3,0.075,38,180,639,UNSAT,0.003170,0.001308,38,45,1101,20,cnfs/A_density_random_n60_k3_d0p075_s38.cnf
A_density_random_n60_k3_d0p075_s39,A_density,random,60,3,0.075,39,180,639,UNSAT,0.003113,0.001283,43,45,1413,20,cnfs/A_density_random_n60_k3_d0p075_s39.cnf
A_density_random_n60_k3_d0p075_s4,A_density,random,60,3,0.075,4,180,639,SAT,0.003063,0.001185,1,13,98,10,cnfs/A_density_random_n60_k3_d0p075_s4.cnf
A_density_random_n60_k3_d0p075_s40,A_density,random,60,3,0.075,40,180,639,UNSAT,0.003376,0.00125,6,10,57,20,cnfs/A_density_random_n60_k3_d0p075_s40.cnf
A_density_random_n60_k3_d0p075_s5,A_density,random,60,3,0.075,5,180,639,UNSAT,0.003142,0.001299,35,36,1060,20,cnfs/A_density_random_n60_k3_d0p075_s5.cnf
A_density_random_n60_k3_d0p075_s6,A_density,random,60,3,0.075,6,180,639,UNSAT,0.003110,0.001256,38,43,1349,20,cnfs/A_density_random_n60_k3_d0p075_s6.cnf
A_density_random_n60_k3_d0p075_s7,A_density,random,60,3,0.075,7,180,639,UNSAT,0.003013,0.001238,32,34,1057,20,cnfs/A_density_random_n60_k3_d0p075_s7.cnf
A_density_random_n60_k3_d0p075_s8,A_density,random,60,3,0.075,8,180,639,UNSAT,0.003195,0.001235,20,22,596,20,cnfs/A_density_random_n60_k3_d0p075_s8.cnf
A_density_random_n60_k3_d0p075_s9,A_density,random,60,3,0.075,9,180,639,UNSAT,0.003246,0.001224,26,28,421,20,cnfs/A_density_random_n60_k3_d0p075_s9.cnf
A_density_random_n60_k3_d0p07_s1,A_density,random,60,3,0.07,1,180,612,SAT,0.003060,0.001206,4,25,142,10,cnfs/A_density_random_n60_k3_d0p07_s1.cnf
A_density_random_n60_k3_d0p07_s10,A_density,random,60,3,0.07,10,180,612,UNSAT,0.003150,0.001279,37,40,923,20,cnfs/A_density_random_n60_k3_d0p07_s10.cnf
A_density_random_n60_k3_d0p07_s11,A_density,random,60,3,0.07,11,180,612,UNSAT,0.003008,0.001214,10,14,76,20,cnfs/A_density_random_n60_k3_d0p07_s11.cnf
A_density_random_n60_k3_d0p07_s12,A_density,random,60,3,0.07,12,180,612,UNSAT,0.003212,0.001229,15,19,192,20,cnfs/A_density_random_n60_k3_d0p07_s12.cnf
A_density_random_n60_k3_d0p07_s13,A_density,random,60,3,0.07,13,180,612,UNSAT,0.003326,0.001344,42,43,921,20,cnfs/A_density_random_n60_k3_d0p07_s13.cnf
A_density_random_n60_k3_d0p07_s14,A_density,random,60,3,0.07,14,180,612,UNSAT,0.002950,0.001192,24,34,569,20,cnfs/A_density_random_n60_k3_d0p07_s14.cnf
A_density_random_n60_k3_d0p07_s15,A_density,random,60,3,0.07,15,180,612,UNSAT,0.002969,0.001184,29,29,630,20,cnfs/A_density_random_n60_k3_d0p07_s15.cnf
A_density_random_n60_k3_d0p07_s16,A_density,random,60,3,0.07,16,180,612,UNSAT,0.002980,0.001236,56,58,1423,20,cnfs/A_density_random_n60_k3_d0p07_s16.cnf
A_density_random_n60_k3_d0p07_s17,A_density,random,60,3,0.07,17,180,612,SAT,0.003366,0.001235,0,20,82,10,cnfs/A_density_random_n60_k3_d0p07_s17.cnf
A_density_random_n60_k3_d0p07_s18,A_density,random,60,3,0.07,18,180,612,UNSAT,0.003237,0.001248,19,21,394,20,cnfs/A_density_random_n60_k3_d0p07_s18.cnf
A_density_random_n60_k3_d0p07_s19,A_density,random,60,3,0.07,19,180,612,SAT,0.003080,0.001233,2,12,99,10,cnfs/A_density_random_n60_k3_d0p07_s19.cnf
A_density_random_n60_k3_d0p07_s2,A_density,random,60,3,0.07,2,180,612,UNSAT,0.002943,0.00117,12,19,154,20,cnfs/A_density_random_n60_k3_d0p07_s2.cnf
A_density_random_n60_k3_d0p07_s20,A_density,random,60,3,0.07,20,180,612,SAT,0.003035,0.00121,9,34,303,10,cnfs/A_density_random_n60_k3_d0p07_s20.cnf
A_density_random_n60_k3_d0p07_s21,A_density,random,60,3,0.07,21,180,612,SAT,0.003162,0.001217,6,16,283,10,cnfs/A_density_random_n60_k3_d0p07_s21.cnf
A_density_random_n60_k3_d0p07_s22,A_density,random,60,3,0.07,22,180,612,SAT,0.003211,0.001241,2,22,99,10,cnfs/A_density_random_n60_k3_d0p07_s22.cnf
A_density_random_n60_k3_d0p07_s23,A_density,random,60,3,0.07,23,180,612,UNSAT,0.003018,0.00119,26,26,831,20,cnfs/A_density_random_n60_k3_d0p07_s23.cnf
A_density_random_n60_k3_d0p07_s24,A_density,random,60,3,0.07,24,180,612,SAT,0.004937,0.001172,3,17,156,10,cnfs/A_density_random_n60_k3_d0p07_s24.cnf
A_density_random_n60_k3_d0p07_s25,A_density,random,60,3,0.07,25,180,612,UNSAT,0.003630,0.001254,45,45,1262,20,cnfs/A_density_random_n60_k3_d0p07_s25.cnf
A_density_random_n60_k3_d0p07_s26,A_density,random,60,3,0.07,26,180,612,SAT,0.003289,0.001297,0,11,66,10,cnfs/A_density_random_n60_k3_d0p07_s26.cnf
A_density_random_n60_k3_d0p07_s27,A_density,random,60,3,0.07,27,180,612,SAT,0.002890,0.001223,16,30,485,10,cnfs/A_density_random_n60_k3_d0p07_s27.cnf
A_density_random_n60_k3_d0p07_s28,A_density,random,60,3,0.07,28,180,612,SAT,0.003021,0.001205,1,13,95,10,cnfs/A_density_random_n60_k3_d0p07_s28.cnf
A_density_random_n60_k3_d0p07_s29,A_density,random,60,3,0.07,29,180,612,UNSAT,0.003045,0.001302,34,37,968,20,cnfs/A_density_random_n60_k3_d0p07_s29.cnf
A_density_random_n60_k3_d0p07_s3,A_density,random,60,3,0.07,3,180,612,SAT,0.003108,0.001231,0,18,75,10,cnfs/A_density_random_n60_k3_d0p07_s3.cnf
A_density_random_n60_k3_d0p07_s30,A_density,random,60,3,0.07,30,180,612,UNSAT,0.003246,0.001301,13,15,133,20,cnfs/A_density_random_n60_k3_d0p07_s30.cnf
A_density_random_n60_k3_d0p07_s31,A_density,random,60,3,0.07,31,180,612,SAT,0.002970,0.001218,11,21,268,10,cnfs/A_density_random_n60_k3_d0p07_s31.cnf
A_density_random_n60_k3_d0p07_s32,A_density,random,60,3,0.07,32,180,612,SAT,0.002972,0.001174,4,17,145,10,cnfs/A_density_random_n60_k3_d0p07_s32.cnf
A_density_random_n60_k3_d0p07_s33,A_density,random,60,3,0.07,33,180,612,SAT,0.002969,0.001189,0,14,72,10,cnfs/A_density_random_n60_k3_d0p07_s33.cnf
A_density_random_n60_k3_d0p07_s34,A_density,random,60,3,0.07,34,180,612,SAT,0.003151,0.001195,1,16,77,10,cnfs/A_density_random_n60_k3_d0p07_s34.cnf
A_density_random_n60_k3_d0p07_s35,A_density,random,60,3,0.07,35,180,612,UNSAT,0.004319,0.00143,24,26,354,20,cnfs/A_density_random_n60_k3_d0p07_s35.cnf
A_density_random_n60_k3_d0p07_s36,A_density,random,60,3,0.07,36,180,612,SAT,0.003814,0.001392,5,17,171,10,cnfs/A_density_random_n60_k3_d0p07_s36.cnf
A_density_random_n60_k3_d0p07_s37,A_density,random,60,3,0.07,37,180,612,SAT,0.004057,0.001434,3,17,140,10,cnfs/A_density_random_n60_k3_d0p07_s37.cnf
A_density_random_n60_k3_d0p07_s38,A_density,random,60,3,0.07,38,180,612,SAT,0.003403,0.001297,6,21,300,10,cnfs/A_density_random_n60_k3_d0p07_s38.cnf
A_density_random_n60_k3_d0p07_s39,A_density,random,60,3,0.07,39,180,612,SAT,0.003980,0.001524,10,25,260,10,cnfs/A_density_random_n60_k3_d0p07_s39.cnf
A_density_random_n60_k3_d0p07_s4,A_density,random,60,3,0.07,4,180,612,SAT,0.003411,0.001275,1,12,97,10,cnfs/A_density_random_n60_k3_d0p07_s4.cnf
A_density_random_n60_k3_d0p07_s40,A_density,random,60,3,0.07,40,180,612,UNSAT,0.004225,0.001285,6,10,58,20,cnfs/A_density_random_n60_k3_d0p07_s40.cnf
A_density_random_n60_k3_d0p07_s5,A_density,random,60,3,0.07,5,180,612,SAT,0.003944,0.00129,2,15,135,10,cnfs/A_density_random_n60_k3_d0p07_s5.cnf
A_density_random_n60_k3_d0p07_s6,A_density,random,60,3,0.07,6,180,612,UNSAT,0.003382,0.001321,30,30,996,20,cnfs/A_density_random_n60_k3_d0p07_s6.cnf
A_density_random_n60_k3_d0p07_s7,A_density,random,60,3,0.07,7,180,612,UNSAT,0.003142,0.001295,53,58,1400,20,cnfs/A_density_random_n60_k3_d0p07_s7.cnf
A_density_random_n60_k3_d0p07_s8,A_density,random,60,3,0.07,8,180,612,UNSAT,0.002913,0.00119,15,21,366,20,cnfs/A_density_random_n60_k3_d0p07_s8.cnf
A_density_random_n60_k3_d0p07_s9,A_density,random,60,3,0.07,9,180,612,UNSAT,0.002930,0.001198,28,30,739,20,cnfs/A_density_random_n60_k3_d0p07_s9.cnf
A_density_random_n60_k3_d0p085_s1,A_density,random,60,3,0.085,1,180,690,UNSAT,0.003179,0.001201,26,28,453,20,cnfs/A_density_random_n60_k3_d0p085_s1.cnf
A_density_random_n60_k3_d0p085_s10,A_density,random,60,3,0.085,10,180,690,UNSAT,0.003309,0.001289,21,23,706,20,cnfs/A_density_random_n60_k3_d0p085_s10.cnf
A_density_random_n60_k3_d0p085_s11,A_density,random,60,3,0.085,11,180,690,UNSAT,0.003038,0.001198,17,16,278,20,cnfs/A_density_random_n60_k3_d0p085_s11.cnf
A_density_random_n60_k3_d0p085_s12,A_density,random,60,3,0.085,12,180,690,UNSAT,0.002976,0.001134,7,10,95,20,cnfs/A_density_random_n60_k3_d0p085_s12.cnf
A_density_random_n60_k3_d0p085_s13,A_density,random,60,3,0.085,13,180,690,UNSAT,0.002979,0.001199,17,17,468,20,cnfs/A_density_random_n60_k3_d0p085_s13.cnf
A_density_random_n60_k3_d0p085_s14,A_density,random,60,3,0.085,14,180,690,UNSAT,0.003092,0.001237,23,25,449,20,cnfs/A_density_random_n60_k3_d0p085_s14.cnf
A_density_random_n60_k3_d0p085_s15,A_density,random,60,3,0.085,15,180,690,UNSAT,0.003147,0.001253,17,18,362,20,cnfs/A_density_random_n60_k3_d0p085_s15.cnf
A_density_random_n60_k3_d0p085_s16,A_density,random,60,3,0.085,16,180,690,UNSAT,0.003096,0.00119,6,6,46,20,cnfs/A_density_random_n60_k3_d0p085_s16.cnf
A_density_random_n60_k3_d0p085_s17,A_density,random,60,3,0.085,17,180,690,UNSAT,0.003263,0.001448,80,88,2804,20,cnfs/A_density_random_n60_k3_d0p085_s17.cnf
A_density_random_n60_k3_d0p085_s18,A_density,random,60,3,0.085,18,180,690,UNSAT,0.002961,0.001172,13,18,154,20,cnfs/A_density_random_n60_k3_d0p085_s18.cnf
A_density_random_n60_k3_d0p085_s19,A_density,random,60,3,0.085,19,180,690,UNSAT,0.003535,0.00133,10,13,276,20,cnfs/A_density_random_n60_k3_d0p085_s19.cnf
A_density_random_n60_k3_d0p085_s2,A_density,random,60,3,0.085,2,180,690,UNSAT,0.003230,0.001249,11,11,222,20,cnfs/A_density_random_n60_k3_d0p085_s2.cnf
A_density_random_n60_k3_d0p085_s20,A_density,random,60,3,0.085,20,180,690,UNSAT,0.002966,0.00126,14,14,471,20,cnfs/A_density_random_n60_k3_d0p085_s20.cnf
A_density_random_n60_k3_d0p085_s21,A_density,random,60,3,0.085,21,180,690,UNSAT,0.003250,0.001287,38,42,1336,20,cnfs/A_density_random_n60_k3_d0p085_s21.cnf
A_density_random_n60_k3_d0p085_s22,A_density,random,60,3,0.085,22,180,690,UNSAT,0.003021,0.001331,63,64,2286,20,cnfs/A_density_random_n60_k3_d0p085_s22.cnf
A_density_random_n60_k3_d0p085_s23,A_density,random,60,3,0.085,23,180,690,UNSAT,0.003017,0.001199,15,18,298,20,cnfs/A_density_random_n60_k3_d0p085_s23.cnf
A_density_random_n60_k3_d0p085_s24,A_density,random,60,3,0.085,24,180,690,UNSAT,0.003001,0.00125,24,23,644,20,cnfs/A_density_random_n60_k3_d0p085_s24.cnf
A_density_random_n60_k3_d0p085_s25,A_density,random,60,3,0.085,25,180,690,UNSAT,0.002835,0.001235,24,24,741,20,cnfs/A_density_random_n60_k3_d0p085_s25.cnf
A_density_random_n60_k3_d0p085_s26,A_density,random,60,3,0.085,26,180,690,UNSAT,0.002839,0.00122,27,31,664,20,cnfs/A_density_random_n60_k3_d0p085_s26.cnf
A_density_random_n60_k3_d0p085_s27,A_density,random,60,3,0.085,27,180,690,UNSAT,0.002602,0.001142,23,24,477,20,cnfs/A_density_random_n60_k3_d0p085_s27.cnf
A_density_random_n60_k3_d0p085_s28,A_density,random,60,3,0.085,28,180,690,UNSAT,0.002876,0.001254,18,17,521,20,cnfs/A_density_random_n60_k3_d0p085_s28.cnf
A_density_random_n60_k3_d0p085_s29,A_density,random,60,3,0.085,29,180,690,UNSAT,0.002878,0.001254,25,27,668,20,cnfs/A_density_random_n60_k3_d0p085_s29.cnf
A_density_random_n60_k3_d0p085_s3,A_density,random,60,3,0.085,3,180,690,UNSAT,0.002733,0.001249,43,52,1349,20,cnfs/A_density_random_n60_k3_d0p085_s3.cnf
A_density_random_n60_k3_d0p085_s30,A_density,random,60,3,0.085,30,180,690,UNSAT,0.002711,0.001132,9,11,118,20,cnfs/A_density_random_n60_k3_d0p085_s30.cnf
A_density_random_n60_k3_d0p085_s31,A_density,random,60,3,0.085,31,180,690,UNSAT,0.003032,0.001382,89,90,2791,20,cnfs/A_density_random_n60_k3_d0p085_s31.cnf
A_density_random_n60_k3_d0p085_s32,A_density,random,60,3,0.085,32,180,690,UNSAT,0.002771,0.001154,17,22,506,20,cnfs/A_density_random_n60_k3_d0p085_s32.cnf
A_density_random_n60_k3_d0p085_s33,A_density,random,60,3,0.085,33,180,690,UNSAT,0.003050,0.001203,11,14,337,20,cnfs/A_density_random_n60_k3_d0p085_s33.cnf
A_density_random_n60_k3_d0p085_s34,A_density,random,60,3,0.085,34,180,690,UNSAT,0.003075,0.001453,112,118,3613,20,cnfs/A_density_random_n60_k3_d0p085_s34.cnf
A_density_random_n60_k3_d0p085_s35,A_density,random,60,3,0.085,35,180,690,UNSAT,0.002995,0.001257,26,27,576,20,cnfs/A_density_random_n60_k3_d0p085_s35.cnf
A_density_random_n60_k3_d0p085_s36,A_density,random,60,3,0.085,36,180,690,UNSAT,0.002897,0.001212,14,20,296,20,cnfs/A_density_random_n60_k3_d0p085_s36.cnf
A_density_random_n60_k3_d0p085_s37,A_density,random,60,3,0.085,37,180,690,SAT,0.003353,0.001275,6,14,319,10,cnfs/A_density_random_n60_k3_d0p085_s37.cnf
A_density_random_n60_k3_d0p085_s38,A_density,random,60,3,0.085,38,180,690,UNSAT,0.003892,0.001416,41,46,1226,20,cnfs/A_density_random_n60_k3_d0p085_s38.cnf
A_density_random_n60_k3_d0p085_s39,A_density,random,60,3,0.085,39,180,690,UNSAT,0.003410,0.001252,28,29,1009,20,cnfs/A_density_random_n60_k3_d0p085_s39.cnf
A_density_random_n60_k3_d0p085_s4,A_density,random,60,3,0.085,4,180,690,UNSAT,0.003018,0.001247,14,16,221,20,cnfs/A_density_random_n60_k3_d0p085_s4.cnf
A_density_random_n60_k3_d0p085_s40,A_density,random,60,3,0.085,40,180,690,UNSAT,0.002984,0.001231,7,11,69,20,cnfs/A_density_random_n60_k3_d0p085_s40.cnf
A_density_random_n60_k3_d0p085_s5,A_density,random,60,3,0.085,5,180,690,UNSAT,0.003080,0.00127,10,12,384,20,cnfs/A_density_random_n60_k3_d0p085_s5.cnf
A_density_random_n60_k3_d0p085_s6,A_density,random,60,3,0.085,6,180,690,UNSAT,0.003304,0.001313,17,26,420,20,cnfs/A_density_random_n60_k3_d0p085_s6.cnf
A_density_random_n60_k3_d0p085_s7,A_density,random,60,3,0.085,7,180,690,UNSAT,0.003084,0.001216,29,29,818,20,cnfs/A_density_random_n60_k3_d0p085_s7.cnf
A_density_random_n60_k3_d0p085_s8,A_density,random,60,3,0.085,8,180,690,UNSAT,0.002991,0.001203,19,19,455,20,cnfs/A_density_random_n60_k3_d0p085_s8.cnf
A_density_random_n60_k3_d0p085_s9,A_density,random,60,3,0.085,9,180,690,UNSAT,0.003020,0.001239,22,26,604,20,cnfs/A_density_random_n60_k3_d0p085_s9.cnf
A_density_random_n60_k3_d0p08_s1,A_density,random,60,3,0.08,1,180,666,UNSAT,0.003153,0.001263,26,29,924,20,cnfs/A_density_random_n60_k3_d0p08_s1.cnf
A_density_random_n60_k3_d0p08_s10,A_density,random,60,3,0.08,10,180,666,UNSAT,0.003273,0.00128,21,26,429,20,cnfs/A_density_random_n60_k3_d0p08_s10.cnf
A_density_random_n60_k3_d0p08_s11,A_density,random,60,3,0.08,11,180,666,UNSAT,0.003091,0.001264,6,7,98,20,cnfs/A_density_random_n60_k3_d0p08_s11.cnf
A_density_random_n60_k3_d0p08_s12,A_density,random,60,3,0.08,12,180,666,UNSAT,0.003003,0.001144,11,17,167,20,cnfs/A_density_random_n60_k3_d0p08_s12.cnf
A_density_random_n60_k3_d0p08_s13,A_density,random,60,3,0.08,13,180,666,UNSAT,0.002949,0.001175,21,27,510,20,cnfs/A_density_random_n60_k3_d0p08_s13.cnf
A_density_random_n60_k3_d0p08_s14,A_density,random,60,3,0.08,14,180,666,UNSAT,0.003135,0.001238,34,35,892,20,cnfs/A_density_random_n60_k3_d0p08_s14.cnf
A_density_random_n60_k3_d0p08_s15,A_density,random,60,3,0.08,15,180,666,UNSAT,0.003325,0.001335,21,24,630,20,cnfs/A_density_random_n60_k3_d0p08_s15.cnf
A_density_random_n60_k3_d0p08_s16,A_density,random,60,3,0.08,16,180,666,UNSAT,0.002871,0.00114,6,12,70,20,cnfs/A_density_random_n60_k3_d0p08_s16.cnf
A_density_random_n60_k3_d0p08_s17,A_density,random,60,3,0.08,17,180,666,SAT,0.002994,0.001181,4,28,222,10,cnfs/A_density_random_n60_k3_d0p08_s17.cnf
A_density_random_n60_k3_d0p08_s18,A_density,random,60,3,0.08,18,180,666,UNSAT,0.002871,0.001137,16,17,389,20,cnfs/A_density_random_n60_k3_d0p08_s18.cnf
A_density_random_n60_k3_d0p08_s19,A_density,random,60,3,0.08,19,180,666,UNSAT,0.003091,0.001233,10,14,270,20,cnfs/A_density_random_n60_k3_d0p08_s19.cnf
A_density_random_n60_k3_d0p08_s2,A_density,random,60,3,0.08,2,180,666,UNSAT,0.003095,0.00121,11,15,157,20,cnfs/A_density_random_n60_k3_d0p08_s2.cnf
A_density_random_n60_k3_d0p08_s20,A_density,random,60,3,0.08,20,180,666,UNSAT,0.003064,0.001245,16,19,625,20,cnfs/A_density_random_n60_k3_d0p08_s20.cnf
A_density_random_n60_k3_d0p08_s21,A_density,random,60,3,0.08,21,180,666,UNSAT,0.005764,0.001345,58,60,1616,20,cnfs/A_density_random_n60_k3_d0p08_s21.cnf
A_density_random_n60_k3_d0p08_s22,A_density,random,60,3,0.08,22,180,666,SAT,0.003599,0.001309,28,41,935,10,cnfs/A_density_random_n60_k3_d0p08_s22.cnf
A_density_random_n60_k3_d0p08_s23,A_density,random,60,3,0.08,23,180,666,UNSAT,0.003498,0.001327,20,20,609,20,cnfs/A_density_random_n60_k3_d0p08_s23.cnf
A_density_random_n60_k3_d0p08_s24,A_density,random,60,3,0.08,24,180,666,UNSAT,0.003056,0.001218,24,30,853,20,cnfs/A_density_random_n60_k3_d0p08_s24.cnf
A_density_random_n60_k3_d0p08_s25,A_density,random,60,3,0.08,25,180,666,UNSAT,0.003131,0.001259,39,39,1195,20,cnfs/A_density_random_n60_k3_d0p08_s25.cnf
A_density_random_n60_k3_d0p08_s26,A_density,random,60,3,0.08,26,180,666,UNSAT,0.003093,0.001201,23,26,642,20,cnfs/A_density_random_n60_k3_d0p08_s26.cnf
A_density_random_n60_k3_d0p08_s27,A_density,random,60,3,0.08,27,180,666,SAT,0.003018,0.001157,2,13,152,10,cnfs/A_density_random_n60_k3_d0p08_s27.cnf
A_density_random_n60_k3_d0p08_s28,A_density,random,60,3,0.08,28,180,666,UNSAT,0.003120,0.001237,26,28,778,20,cnfs/A_density_random_n60_k3_d0p08_s28.cnf
A_density_random_n60_k3_d0p08_s29,A_density,random,60,3,0.08,29,180,666,UNSAT,0.003146,0.001338,56,62,1612,20,cnfs/A_density_random_n60_k3_d0p08_s29.cnf
A_density_random_n60_k3_d0p08_s3,A_density,random,60,3,0.08,3,180,666,UNSAT,0.003006,0.001307,66,73,2230,20,cnfs/A_density_random_n60_k3_d0p08_s3.cnf
A_density_random_n60_k3_d0p08_s30,A_density,random,60,3,0.08,30,180,666,UNSAT,0.003202,0.001261,11,12,158,20,cnfs/A_density_random_n60_k3_d0p08_s30.cnf
A_density_random_n60_k3_d0p08_s31,A_density,random,60,3,0.08,31,180,666,UNSAT,0.003653,0.001453,88,88,2892,20,cnfs/A_density_random_n60_k3_d0p08_s31.cnf
A_density_random_n60_k3_d0p08_s32,A_density,random,60,3,0.08,32,180,666,UNSAT,0.003535,0.001429,44,45,1618,20,cnfs/A_density_random_n60_k3_d0p08_s32.cnf
A_density_random_n60_k3_d0p08_s33,A_density,random,60,3,0.08,33,180,666,SAT,0.003925,0.001301,13,24,464,10,cnfs/A_density_random_n60_k3_d0p08_s33.cnf
A_density_random_n60_k3_d0p08_s34,A_density,random,60,3,0.08,34,180,666,UNSAT,0.003566,0.001673,166,183,5479,20,cnfs/A_density_random_n60_k3_d0p08_s34.cnf
A_density_random_n60_k3_d0p08_s35,A_density,random,60,3,0.08,35,180,666,UNSAT,0.003245,0.001203,30,31,617,20,cnfs/A_density_random_n60_k3_d0p08_s35.cnf
A_density_random_n60_k3_d0p08_s36,A_density,random,60,3,0.08,36,180,666,UNSAT,0.003178,0.001335,30,33,700,20,cnfs/A_density_random_n60_k3_d0p08_s36.cnf
A_density_random_n60_k3_d0p08_s37,A_density,random,60,3,0.08,37,180,666,SAT,0.002791,0.001138,0,12,90,10,cnfs/A_density_random_n60_k3_d0p08_s37.cnf
A_density_random_n60_k3_d0p08_s38,A_density,random,60,3,0.08,38,180,666,UNSAT,0.003069,0.001321,43,46,1287,20,cnfs/A_density_random_n60_k3_d0p08_s38.cnf
A_density_random_n60_k3_d0p08_s39,A_density,random,60,3,0.08,39,180,666,UNSAT,0.002872,0.001251,40,47,1483,20,cnfs/A_density_random_n60_k3_d0p08_s39.cnf
A_density_random_n60_k3_d0p08_s4,A_density,random,60,3,0.08,4,180,666,SAT,0.002754,0.00117,0,12,90,10,cnfs/A_density_random_n60_k3_d0p08_s4.cnf
A_density_random_n60_k3_d0p08_s40,A_density,random,60,3,0.08,40,180,666,UNSAT,0.003341,0.00125,6,10,71,20,cnfs/A_density_random_n60_k3_d0p08_s40.cnf
A_density_random_n60_k3_d0p08_s5,A_density,random,60,3,0.08,5,180,666,UNSAT,0.002898,0.001213,16,17,611,20,cnfs/A_density_random_n60_k3_d0p08_s5.cnf
A_density_random_n60_k3_d0p08_s6,A_density,random,60,3,0.08,6,180,666,UNSAT,0.002983,0.001207,23,30,719,20,cnfs/A_density_random_n60_k3_d0p08_s6.cnf
A_density_random_n60_k3_d0p08_s7,A_density,random,60,3,0.08,7,180,666,UNSAT,0.003021,0.001232,39,50,849,20,cnfs/A_density_random_n60_k3_d0p08_s7.cnf
A_density_random_n60_k3_d0p08_s8,A_density,random,60,3,0.08,8,180,666,UNSAT,0.002870,0.001153,18,20,422,20,cnfs/A_density_random_n60_k3_d0p08_s8.cnf
A_density_random_n60_k3_d0p08_s9,A_density,random,60,3,0.08,9,180,666,UNSAT,0.003211,0.001276,16,18,239,20,cnfs/A_density_random_n60_k3_d0p08_s9.cnf
A_density_random_n60_k3_d0p095_s1,A_density,random,60,3,0.095,1,180,744,UNSAT,0.003195,0.001215,19,23,598,20,cnfs/A_density_random_n60_k3_d0p095_s1.cnf
A_density_random_n60_k3_d0p095_s10,A_density,random,60,3,0.095,10,180,744,UNSAT,0.003903,0.00141,8,12,391,20,cnfs/A_density_random_n60_k3_d0p095_s10.cnf
A_density_random_n60_k3_d0p095_s11,A_density,random,60,3,0.095,11,180,744,UNSAT,0.003239,0.001263,8,9,140,20,cnfs/A_density_random_n60_k3_d0p095_s11.cnf
A_density_random_n60_k3_d0p095_s12,A_density,random,60,3,0.095,12,180,744,UNSAT,0.004136,0.001374,15,16,394,20,cnfs/A_density_random_n60_k3_d0p095_s12.cnf
A_density_random_n60_k3_d0p095_s13,A_density,random,60,3,0.095,13,180,744,UNSAT,0.003707,0.001354,11,14,322,20,cnfs/A_density_random_n60_k3_d0p095_s13.cnf
A_density_random_n60_k3_d0p095_s14,A_density,random,60,3,0.095,14,180,744,UNSAT,0.003649,0.001276,33,38,799,20,cnfs/A_density_random_n60_k3_d0p095_s14.cnf
A_density_random_n60_k3_d0p095_s15,A_density,random,60,3,0.095,15,180,744,UNSAT,0.003075,0.00126,18,21,424,20,cnfs/A_density_random_n60_k3_d0p095_s15.cnf
A_density_random_n60_k3_d0p095_s16,A_density,random,60,3,0.095,16,180,744,UNSAT,0.003195,0.001226,6,10,67,20,cnfs/A_density_random_n60_k3_d0p095_s16.cnf
A_density_random_n60_k3_d0p095_s17,A_density,random,60,3,0.095,17,180,744,UNSAT,0.003483,0.001365,30,31,685,20,cnfs/A_density_random_n60_k3_d0p095_s17.cnf
A_density_random_n60_k3_d0p095_s18,A_density,random,60,3,0.095,18,180,744,UNSAT,0.003575,0.00131,10,12,161,20,cnfs/A_density_random_n60_k3_d0p095_s18.cnf
A_density_random_n60_k3_d0p095_s19,A_density,random,60,3,0.095,19,180,744,UNSAT,0.003197,0.00125,14,21,222,20,cnfs/A_density_random_n60_k3_d0p095_s19.cnf
A_density_random_n60_k3_d0p095_s2,A_density,random,60,3,0.095,2,180,744,UNSAT,0.003055,0.00125,13,13,214,20,cnfs/A_density_random_n60_k3_d0p095_s2.cnf
A_density_random_n60_k3_d0p095_s20,A_density,random,60,3,0.095,20,180,744,UNSAT,0.003044,0.001218,22,21,491,20,cnfs/A_density_random_n60_k3_d0p095_s20.cnf
A_density_random_n60_k3_d0p095_s21,A_density,random,60,3,0.095,21,180,744,UNSAT,0.003130,0.001258,26,30,611,20,cnfs/A_density_random_n60_k3_d0p095_s21.cnf
A_density_random_n60_k3_d0p095_s22,A_density,random,60,3,0.095,22,180,744,UNSAT,0.002857,0.00118,27,27,876,20,cnfs/A_density_random_n60_k3_d0p095_s22.cnf
A_density_random_n60_k3_d0p095_s23,A_density,random,60,3,0.095,23,180,744,UNSAT,0.003032,0.001205,20,20,446,20,cnfs/A_density_random_n60_k3_d0p095_s23.cnf
A_density_random_n60_k3_d0p095_s24,A_density,random,60,3,0.095,24,180,744,UNSAT,0.002902,0.00118,27,32,794,20,cnfs/A_density_random_n60_k3_d0p095_s24.cnf
A_density_random_n60_k3_d0p095_s25,A_density,random,60,3,0.095,25,180,744,UNSAT,0.003015,0.001205,8,12,174,20,cnfs/A_density_random_n60_k3_d0p095_s25.cnf
A_density_random_n60_k3_d0p095_s26,A_density,random,60,3,0.095,26,180,744,UNSAT,0.003132,0.001244,14,13,404,20,cnfs/A_density_random_n60_k3_d0p095_s26.cnf
A_density_random_n60_k3_d0p095_s27,A_density,random,60,3,0.095,27,180,744,UNSAT,0.002957,0.001233,22,24,491,20,cnfs/A_density_random_n60_k3_d0p095_s27.cnf
A_density_random_n60_k3_d0p095_s28,A_density,random,60,3,0.095,28,180,744,UNSAT,0.003168,0.001242,9,10,195,20,cnfs/A_density_random_n60_k3_d0p095_s28.cnf
A_density_random_n60_k3_d0p095_s29,A_density,random,60,3,0.095,29,180,744,UNSAT,0.002973,0.001235,10,12,320,20,cnfs/A_density_random_n60_k3_d0p095_s29.cnf
A_density_random_n60_k3_d0p095_s3,A_density,random,60,3,0.095,3,180,744,UNSAT,0.002939,0.001237,33,35,985,20,cnfs/A_density_random_n60_k3_d0p095_s3.cnf
A_density_random_n60_k3_d0p095_s30,A_density,random,60,3,0.095,30,180,744,UNSAT,0.003356,0.001325,9,9,184,20,cnfs/A_density_random_n60_k3_d0p095_s30.cnf
A_density_random_n60_k3_d0p095_s31,A_density,random,60,3,0.095,31,180,744,UNSAT,0.002974,0.001222,23,25,900,20,cnfs/A_density_random_n60_k3_d0p095_s31.cnf
A_density_random_n60_k3_d0p095_s32,A_density,random,60,3,0.095,32,180,744,UNSAT,0.003006,0.001227,15,15,424,20,cnfs/A_density_random_n60_k3_d0p095_s32.cnf
A_density_random_n60_k3_d0p095_s33,A_density,random,60,3,0.095,33,180,744,UNSAT,0.002889,0.001173,10,14,201,20,cnfs/A_density_random_n60_k3_d0p095_s33.cnf
A_density_random_n60_k3_d0p095_s34,A_density,random,60,3,0.095,34,180,744,UNSAT,0.003032,0.001288,45,51,1546,20,cnfs/A_density_random_n60_k3_d0p095_s34.cnf
A_density_random_n60_k3_d0p095_s35,A_density,random,60,3,0.095,35,180,744,UNSAT,0.004696,0.001302,25,25,543,20,cnfs/A_density_random_n60_k3_d0p095_s35.cnf
A_density_random_n60_k3_d0p095_s36,A_density,random,60,3,0.095,36,180,744,UNSAT,0.003652,0.001318,27,32,497,20,cnfs/A_density_random_n60_k3_d0p095_s36.cnf
A_density_random_n60_k3_d0p095_s37,A_density,random,60,3,0.095,37,180,744,UNSAT,0.004394,0.00135,20,19,705,20,cnfs/A_density_random_n60_k3_d0p095_s37.cnf
A_density_random_n60_k3_d0p095_s38,A_density,random,60,3,0.095,38,180,744,UNSAT,0.003930,0.001302,22,26,742,20,cnfs/A_density_random_n60_k3_d0p095_s38.cnf
A_density_random_n60_k3_d0p095_s39,A_density,random,60,3,0.095,39,180,744,UNSAT,0.003272,0.00131,27,26,954,20,cnfs/A_density_random_n60_k3_d0p095_s39.cnf
A_density_random_n60_k3_d0p095_s4,A_density,random,60,3,0.095,4,180,744,UNSAT,0.003121,0.00127,16,17,464,20,cnfs/A_density_random_n60_k3_d0p095_s4.cnf
A_density_random_n60_k3_d0p095_s40,A_density,random,60,3,0.095,40,180,744,UNSAT,0.003017,0.001188,6,9,57,20,cnfs/A_density_random_n60_k3_d0p095_s40.cnf
A_density_random_n60_k3_d0p095_s5,A_density,random,60,3,0.095,5,180,744,UNSAT,0.003047,0.001228,8,12,320,20,cnfs/A_density_random_n60_k3_d0p095_s5.cnf
A_density_random_n60_k3_d0p095_s6,A_density,random,60,3,0.095,6,180,744,UNSAT,0.003115,0.001259,25,25,654,20,cnfs/A_density_random_n60_k3_d0p095_s6.cnf
A_density_random_n60_k3_d0p095_s7,A_density,random,60,3,0.095,7,180,744,UNSAT,0.003261,0.001271,13,17,496,20,cnfs/A_density_random_n60_k3_d0p095_s7.cnf
A_density_random_n60_k3_d0p095_s8,A_density,random,60,3,0.095,8,180,744,UNSAT,0.003003,0.001164,14,18,313,20,cnfs/A_density_random_n60_k3_d0p095_s8.cnf
A_density_random_n60_k3_d0p095_s9,A_density,random,60,3,0.095,9,180,744,UNSAT,0.019972,0.001417,12,12,415,20,cnfs/A_density_random_n60_k3_d0p095_s9.cnf
A_density_random_n60_k3_d0p09_s1,A_density,random,60,3,0.09,1,180,717,UNSAT,0.015998,0.002248,24,25,773,20,cnfs/A_density_random_n60_k3_d0p09_s1.cnf
A_density_random_n60_k3_d0p09_s10,A_density,random,60,3,0.09,10,180,717,UNSAT,0.006196,0.001616,22,23,616,20,cnfs/A_density_random_n60_k3_d0p09_s10.cnf
A_density_random_n60_k3_d0p09_s11,A_density,random,60,3,0.09,11,180,717,UNSAT,0.004451,0.001487,13,15,281,20,cnfs/A_density_random_n60_k3_d0p09_s11.cnf
A_density_random_n60_k3_d0p09_s12,A_density,random,60,3,0.09,12,180,717,UNSAT,0.004134,0.001488,15,15,213,20,cnfs/A_density_random_n60_k3_d0p09_s12.cnf
A_density_random_n60_k3_d0p09_s13,A_density,random,60,3,0.09,13,180,717,UNSAT,0.009098,0.002031,13,16,435,20,cnfs/A_density_random_n60_k3_d0p09_s13.cnf
A_density_random_n60_k3_d0p09_s14,A_density,random,60,3,0.09,14,180,717,UNSAT,0.005360,0.001506,23,25,524,20,cnfs/A_density_random_n60_k3_d0p09_s14.cnf
A_density_random_n60_k3_d0p09_s15,A_density,random,60,3,0.09,15,180,717,UNSAT,0.003523,0.001295,10,12,282,20,cnfs/A_density_random_n60_k3_d0p09_s15.cnf
A_density_random_n60_k3_d0p09_s16,A_density,random,60,3,0.09,16,180,717,UNSAT,0.003080,0.00121,6,11,63,20,cnfs/A_density_random_n60_k3_d0p09_s16.cnf
A_density_random_n60_k3_d0p09_s17,A_density,random,60,3,0.09,17,180,717,UNSAT,0.003108,0.00128,41,42,1147,20,cnfs/A_density_random_n60_k3_d0p09_s17.cnf
A_density_random_n60_k3_d0p09_s18,A_density,random,60,3,0.09,18,180,717,UNSAT,0.003024,0.001202,11,13,117,20,cnfs/A_density_random_n60_k3_d0p09_s18.cnf
A_density_random_n60_k3_d0p09_s19,A_density,random,60,3,0.09,19,180,717,UNSAT,0.003182,0.001295,13,15,183,20,cnfs/A_density_random_n60_k3_d0p09_s19.cnf
A_density_random_n60_k3_d0p09_s2,A_density,random,60,3,0.09,2,180,717,UNSAT,0.003211,0.00123,9,11,175,20,cnfs/A_density_random_n60_k3_d0p09_s2.cnf
A_density_random_n60_k3_d0p09_s20,A_density,random,60,3,0.09,20,180,717,UNSAT,0.003089,0.001238,23,24,771,20,cnfs/A_density_random_n60_k3_d0p09_s20.cnf
A_density_random_n60_k3_d0p09_s21,A_density,random,60,3,0.09,21,180,717,UNSAT,0.003045,0.001194,27,29,507,20,cnfs/A_density_random_n60_k3_d0p09_s21.cnf
A_density_random_n60_k3_d0p09_s22,A_density,random,60,3,0.09,22,180,717,UNSAT,0.003078,0.001215,24,25,782,20,cnfs/A_density_random_n60_k3_d0p09_s22.cnf
A_density_random_n60_k3_d0p09_s23,A_density,random,60,3,0.09,23,180,717,UNSAT,0.002959,0.001146,17,21,386,20,cnfs/A_density_random_n60_k3_d0p09_s23.cnf
A_density_random_n60_k3_d0p09_s24,A_density,random,60,3,0.09,24,180,717,UNSAT,0.003283,0.001273,14,18,550,20,cnfs/A_density_random_n60_k3_d0p09_s24.cnf
A_density_random_n60_k3_d0p09_s25,A_density,random,60,3,0.09,25,180,717,UNSAT,0.002940,0.001187,13,15,234,20,cnfs/A_density_random_n60_k3_d0p09_s25.cnf
A_density_random_n60_k3_d0p09_s26,A_density,random,60,3,0.09,26,180,717,UNSAT,0.002991,0.0012,13,13,361,20,cnfs/A_density_random_n60_k3_d0p09_s26.cnf
A_density_random_n60_k3_d0p09_s27,A_density,random,60,3,0.09,27,180,717,UNSAT,0.003034,0.001172,24,24,599,20,cnfs/A_density_random_n60_k3_d0p09_s27.cnf
A_density_random_n60_k3_d0p09_s28,A_density,random,60,3,0.09,28,180,717,UNSAT,0.002967,0.001231,15,14,483,20,cnfs/A_density_random_n60_k3_d0p09_s28.cnf
A_density_random_n60_k3_d0p09_s29,A_density,random,60,3,0.09,29,180,717,UNSAT,0.003154,0.001221,10,12,268,20,cnfs/A_density_random_n60_k3_d0p09_s29.cnf
A_density_random_n60_k3_d0p09_s3,A_density,random,60,3,0.09,3,180,717,UNSAT,0.003381,0.001316,36,40,1182,20,cnfs/A_density_random_n60_k3_d0p09_s3.cnf
A_density_random_n60_k3_d0p09_s30,A_density,random,60,3,0.09,30,180,717,UNSAT,0.002957,0.001179,8,9,102,20,cnfs/A_density_random_n60_k3_d0p09_s30.cnf
A_density_random_n60_k3_d0p09_s31,A_density,random,60,3,0.09,31,180,717,UNSAT,0.003012,0.001269,31,33,1110,20,cnfs/A_density_random_n60_k3_d0p09_s31.cnf
A_density_random_n60_k3_d0p09_s32,A_density,random,60,3,0.09,32,180,717,UNSAT,0.003476,0.001332,14,15,372,20,cnfs/A_density_random_n60_k3_d0p09_s32.cnf
A_density_random_n60_k3_d0p09_s33,A_density,random,60,3,0.09,33,180,717,UNSAT,0.003714,0.001337,8,11,205,20,cnfs/A_density_random_n60_k3_d0p09_s33.cnf
A_density_random_n60_k3_d0p09_s34,A_density,random,60,3,0.09,34,180,717,UNSAT,0.003267,0.001447,71,76,2656,20,cnfs/A_density_random_n60_k3_d0p09_s34.cnf
A_density_random_n60_k3_d0p09_s35,A_density,random,60,3,0.09,35,180,717,UNSAT,0.002996,0.001222,25,25,804,20,cnfs/A_density_random_n60_k3_d0p09_s35.cnf
A_density_random_n60_k3_d0p09_s36,A_density,random,60,3,0.09,36,180,717,UNSAT,0.002888,0.001211,30,38,587,20,cnfs/A_density_random_n60_k3_d0p09_s36.cnf
A_density_random_n60_k3_d0p09_s37,A_density,random,60,3,0.09,37,180,717,UNSAT,0.002910,0.001215,18,18,527,20,cnfs/A_density_random_n60_k3_d0p09_s37.cnf
A_density_random_n60_k3_d0p09_s38,A_density,random,60,3,0.09,38,180,717,UNSAT,0.003089,0.001224,36,37,832,20,cnfs/A_density_random_n60_k3_d0p09_s38.cnf
A_density_random_n60_k3_d0p09_s39,A_density,random,60,3,0.09,39,180,717,UNSAT,0.002865,0.001192,18,21,728,20,cnfs/A_density_random_n60_k3_d0p09_s39.cnf
A_density_random_n60_k3_d0p09_s4,A_density,random,60,3,0.09,4,180,717,UNSAT,0.003169,0.001259,16,19,301,20,cnfs/A_density_random_n60_k3_d0p09_s4.cnf
A_density_random_n60_k3_d0p09_s40,A_density,random,60,3,0.09,40,180,717,UNSAT,0.004415,0.001264,6,13,65,20,cnfs/A_density_random_n60_k3_d0p09_s40.cnf
A_density_random_n60_k3_d0p09_s5,A_density,random,60,3,0.09,5,180,717,UNSAT,0.003398,0.001286,14,14,480,20,cnfs/A_density_random_n60_k3_d0p09_s5.cnf
A_density_random_n60_k3_d0p09_s6,A_density,random,60,3,0.09,6,180,717,UNSAT,0.002974,0.001239,26,32,676,20,cnfs/A_density_random_n60_k3_d0p09_s6.cnf
A_density_random_n60_k3_d0p09_s7,A_density,random,60,3,0.09,7,180,717,UNSAT,0.003022,0.001209,25,27,832,20,cnfs/A_density_random_n60_k3_d0p09_s7.cnf
A_density_random_n60_k3_d0p09_s8,A_density,random,60,3,0.09,8,180,717,UNSAT,0.002867,0.001153,12,18,241,20,cnfs/A_density_random_n60_k3_d0p09_s8.cnf
A_density_random_n60_k3_d0p09_s9,A_density,random,60,3,0.09,9,180,717,UNSAT,0.002901,0.001196,16,16,523,20,cnfs/A_density_random_n60_k3_d0p09_s9.cnf
A_density_random_n60_k3_d0p105_s1,A_density,random,60,3,0.105,1,180,798,UNSAT,0.003192,0.001242,12,15,276,20,cnfs/A_density_random_n60_k3_d0p105_s1.cnf
A_density_random_n60_k3_d0p105_s10,A_density,random,60,3,0.105,10,180,798,UNSAT,0.002942,0.001245,25,29,730,20,cnfs/A_density_random_n60_k3_d0p105_s10.cnf
A_density_random_n60_k3_d0p105_s11,A_density,random,60,3,0.105,11,180,798,UNSAT,0.002881,0.001163,7,10,95,20,cnfs/A_density_random_n60_k3_d0p105_s11.cnf
A_density_random_n60_k3_d0p105_s12,A_density,random,60,3,0.105,12,180,798,UNSAT,0.002883,0.00119,10,10,265,20,cnfs/A_density_random_n60_k3_d0p105_s12.cnf
A_density_random_n60_k3_d0p105_s13,A_density,random,60,3,0.105,13,180,798,UNSAT,0.002858,0.001224,11,11,276,20,cnfs/A_density_random_n60_k3_d0p105_s13.cnf
A_density_random_n60_k3_d0p105_s14,A_density,random,60,3,0.105,14,180,798,UNSAT,0.003258,0.001304,22,26,552,20,cnfs/A_density_random_n60_k3_d0p105_s14.cnf
A_density_random_n60_k3_d0p105_s15,A_density,random,60,3,0.105,15,180,798,UNSAT,0.003067,0.001229,18,18,433,20,cnfs/A_density_random_n60_k3_d0p105_s15.cnf
A_density_random_n60_k3_d0p105_s16,A_density,random,60,3,0.105,16,180,798,UNSAT,0.002971,0.001255,6,7,52,20,cnfs/A_density_random_n60_k3_d0p105_s16.cnf
A_density_random_n60_k3_d0p105_s17,A_density,random,60,3,0.105,17,180,798,UNSAT,0.003005,0.001229,16,18,550,20,cnfs/A_density_random_n60_k3_d0p105_s17.cnf
A_density_random_n60_k3_d0p105_s18,A_density,random,60,3,0.105,18,180,798,UNSAT,0.002866,0.001157,10,11,144,20,cnfs/A_density_random_n60_k3_d0p105_s18.cnf
A_density_random_n60_k3_d0p105_s19,A_density,random,60,3,0.105,19,180,798,UNSAT,0.003190,0.001271,14,21,332,20,cnfs/A_density_random_n60_k3_d0p105_s19.cnf
A_density_random_n60_k3_d0p105_s2,A_density,random,60,3,0.105,2,180,798,UNSAT,0.003105,0.001268,18,20,394,20,cnfs/A_density_random_n60_k3_d0p105_s2.cnf
A_density_random_n60_k3_d0p105_s20,A_density,random,60,3,0.105,20,180,798,UNSAT,0.002869,0.001182,24,25,504,20,cnfs/A_density_random_n60_k3_d0p105_s20.cnf
A_density_random_n60_k3_d0p105_s21,A_density,random,60,3,0.105,21,180,798,UNSAT,0.003027,0.001209,17,17,349,20,cnfs/A_density_random_n60_k3_d0p105_s21.cnf
A_density_random_n60_k3_d0p105_s22,A_density,random,60,3,0.105,22,180,798,UNSAT,0.002780,0.001141,10,11,131,20,cnfs/A_density_random_n60_k3_d0p105_s22.cnf
A_density_random_n60_k3_d0p105_s23,A_density,random,60,3,0.105,23,180,798,UNSAT,0.002996,0.001203,21,21,463,20,cnfs/A_density_random_n60_k3_d0p105_s23.cnf
A_density_random_n60_k3_d0p105_s24,A_density,random,60,3,0.105,24,180,798,UNSAT,0.003153,0.001238,12,13,212,20,cnfs/A_density_random_n60_k3_d0p105_s24.cnf
A_density_random_n60_k3_d0p105_s25,A_density,random,60,3,0.105,25,180,798,UNSAT,0.002759,0.00116,12,15,251,20,cnfs/A_density_random_n60_k3_d0p105_s25.cnf
A_density_random_n60_k3_d0p105_s26,A_density,random,60,3,0.105,26,180,798,UNSAT,0.002949,0.001218,9,10,144,20,cnfs/A_density_random_n60_k3_d0p105_s26.cnf
A_density_random_n60_k3_d0p105_s27,A_density,random,60,3,0.105,27,180,798,UNSAT,0.002920,0.0012,15,19,392,20,cnfs/A_density_random_n60_k3_d0p105_s27.cnf
A_density_random_n60_k3_d0p105_s28,A_density,random,60,3,0.105,28,180,798,UNSAT,0.002927,0.00124,12,12,403,20,cnfs/A_density_random_n60_k3_d0p105_s28.cnf
A_density_random_n60_k3_d0p105_s29,A_density,random,60,3,0.105,29,180,798,UNSAT,0.003177,0.001263,13,15,172,20,cnfs/A_density_random_n60_k3_d0p105_s29.cnf
A_density_random_n60_k3_d0p105_s3,A_density,random,60,3,0.105,3,180,798,UNSAT,0.003012,0.001255,13,13,241,20,cnfs/A_density_random_n60_k3_d0p105_s3.cnf
A_density_random_n60_k3_d0p105_s30,A_density,random,60,3,0.105,30,180,798,UNSAT,0.002917,0.001177,7,6,267,20,cnfs/A_density_random_n60_k3_d0p105_s30.cnf
A_density_random_n60_k3_d0p105_s31,A_density,random,60,3,0.105,31,180,798,UNSAT,0.002935,0.001191,23,23,588,20,cnfs/A_density_random_n60_k3_d0p105_s31.cnf
A_density_random_n60_k3_d0p105_s32,A_density,random,60,3,0.105,32,180,798,UNSAT,0.002899,0.001222,19,20,372,20,cnfs/A_density_random_n60_k3_d0p105_s32.cnf
A_density_random_n60_k3_d0p105_s33,A_density,random,60,3,0.105,33,180,798,UNSAT,0.003423,0.001274,12,13,169,20,cnfs/A_density_random_n60_k3_d0p105_s33.cnf
A_density_random_n60_k3_d0p105_s34,A_density,random,60,3,0.105,34,180,798,UNSAT,0.002962,0.001253,35,36,1132,20,cnfs/A_density_random_n60_k3_d0p105_s34.cnf
A_density_random_n60_k3_d0p105_s35,A_density,random,60,3,0.105,35,180,798,UNSAT,0.002937,0.001161,16,16,379,20,cnfs/A_density_random_n60_k3_d0p105_s35.cnf
A_density_random_n60_k3_d0p105_s36,A_density,random,60,3,0.105,36,180,798,UNSAT,0.003082,0.001253,24,25,721,20,cnfs/A_density_random_n60_k3_d0p105_s36.cnf
A_density_random_n60_k3_d0p105_s37,A_density,random,60,3,0.105,37,180,798,UNSAT,0.002808,0.001187,11,11,253,20,cnfs/A_density_random_n60_k3_d0p105_s37.cnf
A_density_random_n60_k3_d0p105_s38,A_density,random,60,3,0.105,38,180,798,UNSAT,0.003103,0.00123,21,24,481,20,cnfs/A_density_random_n60_k3_d0p105_s38.cnf
A_density_random_n60_k3_d0p105_s39,A_density,random,60,3,0.105,39,180,798,UNSAT,0.002963,0.001187,10,11,335,20,cnfs/A_density_random_n60_k3_d0p105_s39.cnf
A_density_random_n60_k3_d0p105_s4,A_density,random,60,3,0.105,4,180,798,UNSAT,0.002920,0.00119,10,14,326,20,cnfs/A_density_random_n60_k3_d0p105_s4.cnf
A_density_random_n60_k3_d0p105_s40,A_density,random,60,3,0.105,40,180,798,UNSAT,0.002909,0.001195,6,9,69,20,cnfs/A_density_random_n60_k3_d0p105_s40.cnf
A_density_random_n60_k3_d0p105_s5,A_density,random,60,3,0.105,5,180,798,UNSAT,0.002973,0.001234,17,16,468,20,cnfs/A_density_random_n60_k3_d0p105_s5.cnf
A_density_random_n60_k3_d0p105_s6,A_density,random,60,3,0.105,6,180,798,UNSAT,0.003329,0.001297,18,18,479,20,cnfs/A_density_random_n60_k3_d0p105_s6.cnf
A_density_random_n60_k3_d0p105_s7,A_density,random,60,3,0.105,7,180,798,UNSAT,0.003032,0.001203,9,11,282,20,cnfs/A_density_random_n60_k3_d0p105_s7.cnf
A_density_random_n60_k3_d0p105_s8,A_density,random,60,3,0.105,8,180,798,UNSAT,0.003100,0.001272,20,22,344,20,cnfs/A_density_random_n60_k3_d0p105_s8.cnf
A_density_random_n60_k3_d0p105_s9,A_density,random,60,3,0.105,9,180,798,UNSAT,0.002984,0.001188,12,12,313,20,cnfs/A_density_random_n60_k3_d0p105_s9.cnf
A_density_random_n60_k3_d0p115_s1,A_density,random,60,3,0.115,1,180,852,UNSAT,0.002877,0.00119,14,13,215,20,cnfs/A_density_random_n60_k3_d0p115_s1.cnf
A_density_random_n60_k3_d0p115_s10,A_density,random,60,3,0.115,10,180,852,UNSAT,0.003063,0.001257,12,15,408,20,cnfs/A_density_random_n60_k3_d0p115_s10.cnf
A_density_random_n60_k3_d0p115_s11,A_density,random,60,3,0.115,11,180,852,UNSAT,0.003101,0.001253,8,12,114,20,cnfs/A_density_random_n60_k3_d0p115_s11.cnf
A_density_random_n60_k3_d0p115_s12,A_density,random,60,3,0.115,12,180,852,UNSAT,0.003028,0.001187,18,19,429,20,cnfs/A_density_random_n60_k3_d0p115_s12.cnf
A_density_random_n60_k3_d0p115_s13,A_density,random,60,3,0.115,13,180,852,UNSAT,0.002953,0.001187,13,16,177,20,cnfs/A_density_random_n60_k3_d0p115_s13.cnf
A_density_random_n60_k3_d0p115_s14,A_density,random,60,3,0.115,14,180,852,UNSAT,0.002770,0.001126,14,16,235,20,cnfs/A_density_random_n60_k3_d0p115_s14.cnf
A_density_random_n60_k3_d0p115_s15,A_density,random,60,3,0.115,15,180,852,UNSAT,0.003007,0.00124,18,21,424,20,cnfs/A_density_random_n60_k3_d0p115_s15.cnf
A_density_random_n60_k3_d0p115_s16,A_density,random,60,3,0.115,16,180,852,UNSAT,0.003116,0.001242,13,15,372,20,cnfs/A_density_random_n60_k3_d0p115_s16.cnf
A_density_random_n60_k3_d0p115_s17,A_density,random,60,3,0.115,17,180,852,UNSAT,0.002832,0.001201,19,21,592,20,cnfs/A_density_random_n60_k3_d0p115_s17.cnf
A_density_random_n60_k3_d0p115_s18,A_density,random,60,3,0.115,18,180,852,UNSAT,0.002900,0.00123,21,24,578,20,cnfs/A_density_random_n60_k3_d0p115_s18.cnf
A_density_random_n60_k3_d0p115_s19,A_density,random,60,3,0.115,19,180,852,UNSAT,0.002928,0.001233,11,13,327,20,cnfs/A_density_random_n60_k3_d0p115_s19.cnf
A_density_random_n60_k3_d0p115_s2,A_density,random,60,3,0.115,2,180,852,UNSAT,0.002708,0.001129,9,9,199,20,cnfs/A_density_random_n60_k3_d0p115_s2.cnf
A_density_random_n60_k3_d0p115_s20,A_density,random,60,3,0.115,20,180,852,UNSAT,0.003056,0.001227,18,18,486,20,cnfs/A_density_random_n60_k3_d0p115_s20.cnf
A_density_random_n60_k3_d0p115_s21,A_density,random,60,3,0.115,21,180,852,UNSAT,0.002820,0.001182,18,17,372,20,cnfs/A_density_random_n60_k3_d0p115_s21.cnf
A_density_random_n60_k3_d0p115_s22,A_density,random,60,3,0.115,22,180,852,UNSAT,0.002921,0.001152,6,7,60,20,cnfs/A_density_random_n60_k3_d0p115_s22.cnf
A_density_random_n60_k3_d0p115_s23,A_density,random,60,3,0.115,23,180,852,UNSAT,0.003229,0.001254,26,25,675,20,cnfs/A_density_random_n60_k3_d0p115_s23.cnf
A_density_random_n60_k3_d0p115_s24,A_density,random,60,3,0.115,24,180,852,UNSAT,0.003097,0.001216,12,14,303,20,cnfs/A_density_random_n60_k3_d0p115_s24.cnf
A_density_random_n60_k3_d0p115_s25,A_density,random,60,3,0.115,25,180,852,UNSAT,0.002961,0.001235,20,21,650,20,cnfs/A_density_random_n60_k3_d0p115_s25.cnf
A_density_random_n60_k3_d0p115_s26,A_density,random,60,3,0.115,26,180,852,UNSAT,0.002951,0.001177,10,10,248,20,cnfs/A_density_random_n60_k3_d0p115_s26.cnf
A_density_random_n60_k3_d0p115_s27,A_density,random,60,3,0.115,27,180,852,UNSAT,0.002872,0.001166,15,17,247,20,cnfs/A_density_random_n60_k3_d0p115_s27.cnf
A_density_random_n60_k3_d0p115_s28,A_density,random,60,3,0.115,28,180,852,UNSAT,0.002850,0.001209,10,11,180,20,cnfs/A_density_random_n60_k3_d0p115_s28.cnf
A_density_random_n60_k3_d0p115_s29,A_density,random,60,3,0.115,29,180,852,UNSAT,0.003266,0.001274,24,26,776,20,cnfs/A_density_random_n60_k3_d0p115_s29.cnf
A_density_random_n60_k3_d0p115_s3,A_density,random,60,3,0.115,3,180,852,UNSAT,0.003068,0.00123,20,22,506,20,cnfs/A_density_random_n60_k3_d0p115_s3.cnf
A_density_random_n60_k3_d0p115_s30,A_density,random,60,3,0.115,30,180,852,UNSAT,0.002818,0.001171,7,7,252,20,cnfs/A_density_random_n60_k3_d0p115_s30.cnf
A_density_random_n60_k3_d0p115_s31,A_density,random,60,3,0.115,31,180,852,UNSAT,0.003025,0.001263,22,22,592,20,cnfs/A_density_random_n60_k3_d0p115_s31.cnf
A_density_random_n60_k3_d0p115_s32,A_density,random,60,3,0.115,32,180,852,UNSAT,0.002972,0.001207,10,10,353,20,cnfs/A_density_random_n60_k3_d0p115_s32.cnf
A_density_random_n60_k3_d0p115_s33,A_density,random,60,3,0.115,33,180,852,UNSAT,0.003102,0.001219,11,12,170,20,cnfs/A_density_random_n60_k3_d0p115_s33.cnf
A_density_random_n60_k3_d0p115_s34,A_density,random,60,3,0.115,34,180,852,UNSAT,0.002932,0.001191,9,11,190,20,cnfs/A_density_random_n60_k3_d0p115_s34.cnf
A_density_random_n60_k3_d0p115_s35,A_density,random,60,3,0.115,35,180,852,UNSAT,0.002801,0.001169,12,16,290,20,cnfs/A_density_random_n60_k3_d0p115_s35.cnf
A_density_random_n60_k3_d0p115_s36,A_density,random,60,3,0.115,36,180,852,UNSAT,0.002968,0.001181,14,16,293,20,cnfs/A_density_random_n60_k3_d0p115_s36.cnf
A_density_random_n60_k3_d0p115_s37,A_density,random,60,3,0.115,37,180,852,UNSAT,0.002790,0.001147,10,10,256,20,cnfs/A_density_random_n60_k3_d0p115_s37.cnf
A_density_random_n60_k3_d0p115_s38,A_density,random,60,3,0.115,38,180,852,UNSAT,0.002878,0.00118,15,17,337,20,cnfs/A_density_random_n60_k3_d0p115_s38.cnf
A_density_random_n60_k3_d0p115_s39,A_density,random,60,3,0.115,39,180,852,UNSAT,0.003218,0.001241,7,7,190,20,cnfs/A_density_random_n60_k3_d0p115_s39.cnf
A_density_random_n60_k3_d0p115_s4,A_density,random,60,3,0.115,4,180,852,UNSAT,0.002996,0.001272,13,13,310,20,cnfs/A_density_random_n60_k3_d0p115_s4.cnf
A_density_random_n60_k3_d0p115_s40,A_density,random,60,3,0.115,40,180,852,UNSAT,0.002861,0.001158,10,17,147,20,cnfs/A_density_random_n60_k3_d0p115_s40.cnf
A_density_random_n60_k3_d0p115_s5,A_density,random,60,3,0.115,5,180,852,UNSAT,0.002893,0.00118,15,16,360,20,cnfs/A_density_random_n60_k3_d0p115_s5.cnf
A_density_random_n60_k3_d0p115_s6,A_density,random,60,3,0.115,6,180,852,UNSAT,0.002813,0.001166,8,7,234,20,cnfs/A_density_random_n60_k3_d0p115_s6.cnf
A_density_random_n60_k3_d0p115_s7,A_density,random,60,3,0.115,7,180,852,UNSAT,0.003101,0.001241,8,8,327,20,cnfs/A_density_random_n60_k3_d0p115_s7.cnf
A_density_random_n60_k3_d0p115_s8,A_density,random,60,3,0.115,8,180,852,UNSAT,0.002939,0.001186,8,8,193,20,cnfs/A_density_random_n60_k3_d0p115_s8.cnf
A_density_random_n60_k3_d0p115_s9,A_density,random,60,3,0.115,9,180,852,UNSAT,0.002857,0.001163,11,10,274,20,cnfs/A_density_random_n60_k3_d0p115_s9.cnf
A_density_random_n60_k3_d0p11_s1,A_density,random,60,3,0.11,1,180,825,UNSAT,0.002905,0.001167,13,13,404,20,cnfs/A_density_random_n60_k3_d0p11_s1.cnf
A_density_random_n60_k3_d0p11_s10,A_density,random,60,3,0.11,10,180,825,UNSAT,0.002822,0.001206,21,24,636,20,cnfs/A_density_random_n60_k3_d0p11_s10.cnf
A_density_random_n60_k3_d0p11_s11,A_density,random,60,3,0.11,11,180,825,UNSAT,0.002990,0.001206,7,11,85,20,cnfs/A_density_random_n60_k3_d0p11_s11.cnf
A_density_random_n60_k3_d0p11_s12,A_density,random,60,3,0.11,12,180,825,UNSAT,0.003009,0.001225,12,15,277,20,cnfs/A_density_random_n60_k3_d0p11_s12.cnf
A_density_random_n60_k3_d0p11_s13,A_density,random,60,3,0.11,13,180,825,UNSAT,0.002903,0.001142,7,9,229,20,cnfs/A_density_random_n60_k3_d0p11_s13.cnf
A_density_random_n60_k3_d0p11_s14,A_density,random,60,3,0.11,14,180,825,UNSAT,0.002935,0.00117,13,19,267,20,cnfs/A_density_random_n60_k3_d0p11_s14.cnf
A_density_random_n60_k3_d0p11_s15,A_density,random,60,3,0.11,15,180,825,UNSAT,0.002803,0.001182,12,16,394,20,cnfs/A_density_random_n60_k3_d0p11_s15.cnf
A_density_random_n60_k3_d0p11_s16,A_density,random,60,3,0.11,16,180,825,UNSAT,0.002918,0.001174,6,9,74,20,cnfs/A_density_random_n60_k3_d0p11_s16.cnf
A_density_random_n60_k3_d0p11_s17,A_density,random,60,3,0.11,17,180,825,UNSAT,0.003093,0.001264,36,38,840,20,cnfs/A_density_random_n60_k3_d0p11_s17.cnf
A_density_random_n60_k3_d0p11_s18,A_density,random,60,3,0.11,18,180,825,UNSAT,0.002909,0.001189,16,20,346,20,cnfs/A_density_random_n60_k3_d0p11_s18.cnf
A_density_random_n60_k3_d0p11_s19,A_density,random,60,3,0.11,19,180,825,UNSAT,0.002851,0.001153,8,15,161,20,cnfs/A_density_random_n60_k3_d0p11_s19.cnf
A_density_random_n60_k3_d0p11_s2,A_density,random,60,3,0.11,2,180,825,UNSAT,0.002818,0.001163,9,9,144,20,cnfs/A_density_random_n60_k3_d0p11_s2.cnf
A_density_random_n60_k3_d0p11_s20,A_density,random,60,3,0.11,20,180,825,UNSAT,0.002824,0.001177,17,16,475,20,cnfs/A_density_random_n60_k3_d0p11_s20.cnf
A_density_random_n60_k3_d0p11_s21,A_density,random,60,3,0.11,21,180,825,UNSAT,0.003109,0.00127,17,16,310,20,cnfs/A_density_random_n60_k3_d0p11_s21.cnf
A_density_random_n60_k3_d0p11_s22,A_density,random,60,3,0.11,22,180,825,UNSAT,0.002815,0.001128,6,7,55,20,cnfs/A_density_random_n60_k3_d0p11_s22.cnf
A_density_random_n60_k3_d0p11_s23,A_density,random,60,3,0.11,23,180,825,UNSAT,0.002933,0.001184,20,21,491,20,cnfs/A_density_random_n60_k3_d0p11_s23.cnf
A_density_random_n60_k3_d0p11_s24,A_density,random,60,3,0.11,24,180,825,UNSAT,0.002935,0.001202,13,15,343,20,cnfs/A_density_random_n60_k3_d0p11_s24.cnf
A_density_random_n60_k3_d0p11_s25,A_density,random,60,3,0.11,25,180,825,UNSAT,0.002804,0.001181,22,23,760,20,cnfs/A_density_random_n60_k3_d0p11_s25.cnf
A_density_random_n60_k3_d0p11_s26,A_density,random,60,3,0.11,26,180,825,UNSAT,0.002920,0.001199,15,16,429,20,cnfs/A_density_random_n60_k3_d0p11_s26.cnf
A_density_random_n60_k3_d0p11_s27,A_density,random,60,3,0.11,27,180,825,UNSAT,0.003000,0.001212,9,13,220,20,cnfs/A_density_random_n60_k3_d0p11_s27.cnf
A_density_random_n60_k3_d0p11_s28,A_density,random,60,3,0.11,28,180,825,UNSAT,0.002862,0.001168,8,8,119,20,cnfs/A_density_random_n60_k3_d0p11_s28.cnf
A_density_random_n60_k3_d0p11_s29,A_density,random,60,3,0.11,29,180,825,UNSAT,0.002883,0.001154,19,19,369,20,cnfs/A_density_random_n60_k3_d0p11_s29.cnf
A_density_random_n60_k3_d0p11_s3,A_density,random,60,3,0.11,3,180,825,UNSAT,0.002769,0.001139,14,13,272,20,cnfs/A_density_random_n60_k3_d0p11_s3.cnf
A_density_random_n60_k3_d0p11_s30,A_density,random,60,3,0.11,30,180,825,UNSAT,0.002793,0.00115,8,7,302,20,cnfs/A_density_random_n60_k3_d0p11_s30.cnf
A_density_random_n60_k3_d0p11_s31,A_density,random,60,3,0.11,31,180,825,UNSAT,0.003143,0.001253,19,20,571,20,cnfs/A_density_random_n60_k3_d0p11_s31.cnf
A_density_random_n60_k3_d0p11_s32,A_density,random,60,3,0.11,32,180,825,UNSAT,0.002848,0.001159,13,13,402,20,cnfs/A_density_random_n60_k3_d0p11_s32.cnf
A_density_random_n60_k3_d0p11_s33,A_density,random,60,3,0.11,33,180,825,UNSAT,0.002793,0.00115,10,11,131,20,cnfs/A_density_random_n60_k3_d0p11_s33.cnf
A_density_random_n60_k3_d0p11_s34,A_density,random,60,3,0.11,34,180,825,UNSAT,0.002948,0.001205,23,23,712,20,cnfs/A_density_random_n60_k3_d0p11_s34.cnf
A_density_random_n60_k3_d0p11_s35,A_density,random,60,3,0.11,35,180,825,UNSAT,0.002840,0.001165,20,19,561,20,cnfs/A_density_random_n60_k3_d0p11_s35.cnf
A_density_random_n60_k3_d0p11_s36,A_density,random,60,3,0.11,36,180,825,UNSAT,0.004440,0.001249,18,23,469,20,cnfs/A_density_random_n60_k3_d0p11_s36.cnf
A_density_random_n60_k3_d0p11_s37,A_density,random,60,3,0.11,37,180,825,UNSAT,0.004422,0.001699,15,15,298,20,cnfs/A_density_random_n60_k3_d0p11_s37.cnf
A_density_random_n60_k3_d0p11_s38,A_density,random,60,3,0.11,38,180,825,UNSAT,0.003634,0.001356,14,13,353,20,cnfs/A_density_random_n60_k3_d0p11_s38.cnf
A_density_random_n60_k3_d0p11_s39,A_density,random,60,3,0.11,39,180,825,UNSAT,0.003048,0.001179,7,7,178,20,cnfs/A_density_random_n60_k3_d0p11_s39.cnf
A_density_random_n60_k3_d0p11_s4,A_density,random,60,3,0.11,4,180,825,UNSAT,0.003141,0.001331,23,23,728,20,cnfs/A_density_random_n60_k3_d0p11_s4.cnf
A_density_random_n60_k3_d0p11_s40,A_density,random,60,3,0.11,40,180,825,UNSAT,0.003560,0.001289,6,9,71,20,cnfs/A_density_random_n60_k3_d0p11_s40.cnf
A_density_random_n60_k3_d0p11_s5,A_density,random,60,3,0.11,5,180,825,UNSAT,0.003045,0.001243,19,19,455,20,cnfs/A_density_random_n60_k3_d0p11_s5.cnf
A_density_random_n60_k3_d0p11_s6,A_density,random,60,3,0.11,6,180,825,UNSAT,0.006915,0.001291,9,8,237,20,cnfs/A_density_random_n60_k3_d0p11_s6.cnf
A_density_random_n60_k3_d0p11_s7,A_density,random,60,3,0.11,7,180,825,UNSAT,0.005554,0.00123,8,8,236,20,cnfs/A_density_random_n60_k3_d0p11_s7.cnf
A_density_random_n60_k3_d0p11_s8,A_density,random,60,3,0.11,8,180,825,UNSAT,0.003073,0.001232,17,20,304,20,cnfs/A_density_random_n60_k3_d0p11_s8.cnf
A_density_random_n60_k3_d0p11_s9,A_density,random,60,3,0.11,9,180,825,UNSAT,0.003008,0.001204,10,10,189,20,cnfs/A_density_random_n60_k3_d0p11_s9.cnf
A_density_random_n60_k3_d0p125_s1,A_density,random,60,3,0.125,1,180,903,UNSAT,0.002958,0.001192,8,9,297,20,cnfs/A_density_random_n60_k3_d0p125_s1.cnf
A_density_random_n60_k3_d0p125_s10,A_density,random,60,3,0.125,10,180,903,UNSAT,0.003238,0.001346,14,17,414,20,cnfs/A_density_random_n60_k3_d0p125_s10.cnf
A_density_random_n60_k3_d0p125_s11,A_density,random,60,3,0.125,11,180,903,UNSAT,0.003176,0.00124,14,14,281,20,cnfs/A_density_random_n60_k3_d0p125_s11.cnf
A_density_random_n60_k3_d0p125_s12,A_density,random,60,3,0.125,12,180,903,UNSAT,0.002986,0.00118,7,6,147,20,cnfs/A_density_random_n60_k3_d0p125_s12.cnf
A_density_random_n60_k3_d0p125_s13,A_density,random,60,3,0.125,13,180,903,UNSAT,0.003064,0.001181,12,12,240,20,cnfs/A_density_random_n60_k3_d0p125_s13.cnf
A_density_random_n60_k3_d0p125_s14,A_density,random,60,3,0.125,14,180,903,UNSAT,0.002913,0.001194,22,24,505,20,cnfs/A_density_random_n60_k3_d0p125_s14.cnf
A_density_random_n60_k3_d0p125_s15,A_density,random,60,3,0.125,15,180,903,UNSAT,0.003165,0.001253,14,16,179,20,cnfs/A_density_random_n60_k3_d0p125_s15.cnf
A_density_random_n60_k3_d0p125_s16,A_density,random,60,3,0.125,16,180,903,UNSAT,0.003127,0.001244,13,15,317,20,cnfs/A_density_random_n60_k3_d0p125_s16.cnf
A_density_random_n60_k3_d0p125_s17,A_density,random,60,3,0.125,17,180,903,UNSAT,0.003097,0.001231,9,11,116,20,cnfs/A_density_random_n60_k3_d0p125_s17.cnf
A_density_random_n60_k3_d0p125_s18,A_density,random,60,3,0.125,18,180,903,UNSAT,0.002908,0.001204,19,21,430,20,cnfs/A_density_random_n60_k3_d0p125_s18.cnf
A_density_random_n60_k3_d0p125_s19,A_density,random,60,3,0.125,19,180,903,UNSAT,0.002875,0.001211,14,14,237,20,cnfs/A_density_random_n60_k3_d0p125_s19.cnf
A_density_random_n60_k3_d0p125_s2,A_density,random,60,3,0.125,2,180,903,UNSAT,0.003148,0.001202,8,9,149,20,cnfs/A_density_random_n60_k3_d0p125_s2.cnf
A_density_random_n60_k3_d0p125_s20,A_density,random,60,3,0.125,20,180,903,UNSAT,0.003461,0.001323,18,18,412,20,cnfs/A_density_random_n60_k3_d0p125_s20.cnf
A_density_random_n60_k3_d0p125_s21,A_density,random,60,3,0.125,21,180,903,UNSAT,0.003089,0.001232,18,22,448,20,cnfs/A_density_random_n60_k3_d0p125_s21.cnf
A_density_random_n60_k3_d0p125_s22,A_density,random,60,3,0.125,22,180,903,UNSAT,0.002883,0.001174,13,18,143,20,cnfs/A_density_random_n60_k3_d0p125_s22.cnf
A_density_random_n60_k3_d0p125_s23,A_density,random,60,3,0.125,23,180,903,UNSAT,0.002838,0.00119,23,25,524,20,cnfs/A_density_random_n60_k3_d0p125_s23.cnf
A_density_random_n60_k3_d0p125_s24,A_density,random,60,3,0.125,24,180,903,UNSAT,0.002846,0.001185,8,9,130,20,cnfs/A_density_random_n60_k3_d0p125_s24.cnf
A_density_random_n60_k3_d0p125_s25,A_density,random,60,3,0.125,25,180,903,UNSAT,0.003572,0.001394,27,26,715,20,cnfs/A_density_random_n60_k3_d0p125_s25.cnf
A_density_random_n60_k3_d0p125_s26,A_density,random,60,3,0.125,26,180,903,UNSAT,0.003036,0.001238,7,8,110,20,cnfs/A_density_random_n60_k3_d0p125_s26.cnf
A_density_random_n60_k3_d0p125_s27,A_density,random,60,3,0.125,27,180,903,UNSAT,0.002953,0.001233,11,14,219,20,cnfs/A_density_random_n60_k3_d0p125_s27.cnf
A_density_random_n60_k3_d0p125_s28,A_density,random,60,3,0.125,28,180,903,UNSAT,0.002794,0.001196,8,8,122,20,cnfs/A_density_random_n60_k3_d0p125_s28.cnf
A_density_random_n60_k3_d0p125_s29,A_density,random,60,3,0.125,29,180,903,UNSAT,0.002880,0.001227,17,17,426,20,cnfs/A_density_random_n60_k3_d0p125_s29.cnf
A_density_random_n60_k3_d0p125_s3,A_density,random,60,3,0.125,3,180,903,UNSAT,0.003117,0.001256,7,7,156,20,cnfs/A_density_random_n60_k3_d0p125_s3.cnf
A_density_random_n60_k3_d0p125_s30,A_density,random,60,3,0.125,30,180,903,UNSAT,0.002831,0.001185,6,5,136,20,cnfs/A_density_random_n60_k3_d0p125_s30.cnf
A_density_random_n60_k3_d0p125_s31,A_density,random,60,3,0.125,31,180,903,UNSAT,0.002975,0.001256,16,17,472,20,cnfs/A_density_random_n60_k3_d0p125_s31.cnf
A_density_random_n60_k3_d0p125_s32,A_density,random,60,3,0.125,32,180,903,UNSAT,0.002824,0.00117,10,10,200,20,cnfs/A_density_random_n60_k3_d0p125_s32.cnf
A_density_random_n60_k3_d0p125_s33,A_density,random,60,3,0.125,33,180,903,UNSAT,0.002842,0.001222,11,11,189,20,cnfs/A_density_random_n60_k3_d0p125_s33.cnf
A_density_random_n60_k3_d0p125_s34,A_density,random,60,3,0.125,34,180,903,UNSAT,0.003103,0.001233,8,10,198,20,cnfs/A_density_random_n60_k3_d0p125_s34.cnf
A_density_random_n60_k3_d0p125_s35,A_density,random,60,3,0.125,35,180,903,UNSAT,0.002957,0.001222,14,16,388,20,cnfs/A_density_random_n60_k3_d0p125_s35.cnf
A_density_random_n60_k3_d0p125_s36,A_density,random,60,3,0.125,36,180,903,UNSAT,0.002842,0.001236,24,24,757,20,cnfs/A_density_random_n60_k3_d0p125_s36.cnf
A_density_random_n60_k3_d0p125_s37,A_density,random,60,3,0.125,37,180,903,UNSAT,0.002848,0.001211,17,16,454,20,cnfs/A_density_random_n60_k3_d0p125_s37.cnf
A_density_random_n60_k3_d0p125_s38,A_density,random,60,3,0.125,38,180,903,UNSAT,0.002776,0.001168,9,8,287,20,cnfs/A_density_random_n60_k3_d0p125_s38.cnf
A_density_random_n60_k3_d0p125_s39,A_density,random,60,3,0.125,39,180,903,UNSAT,0.003357,0.001263,8,8,173,20,cnfs/A_density_random_n60_k3_d0p125_s39.cnf
A_density_random_n60_k3_d0p125_s4,A_density,random,60,3,0.125,4,180,903,UNSAT,0.003291,0.001317,10,11,243,20,cnfs/A_density_random_n60_k3_d0p125_s4.cnf
A_density_random_n60_k3_d0p125_s40,A_density,random,60,3,0.125,40,180,903,UNSAT,0.002864,0.001186,9,8,100,20,cnfs/A_density_random_n60_k3_d0p125_s40.cnf
A_density_random_n60_k3_d0p125_s5,A_density,random,60,3,0.125,5,180,903,UNSAT,0.002971,0.001217,14,13,349,20,cnfs/A_density_random_n60_k3_d0p125_s5.cnf
A_density_random_n60_k3_d0p125_s6,A_density,random,60,3,0.125,6,180,903,UNSAT,0.002838,0.001201,7,6,269,20,cnfs/A_density_random_n60_k3_d0p125_s6.cnf
A_density_random_n60_k3_d0p125_s7,A_density,random,60,3,0.125,7,180,903,UNSAT,0.002859,0.001206,10,11,243,20,cnfs/A_density_random_n60_k3_d0p125_s7.cnf
A_density_random_n60_k3_d0p125_s8,A_density,random,60,3,0.125,8,180,903,UNSAT,0.003173,0.001286,21,24,444,20,cnfs/A_density_random_n60_k3_d0p125_s8.cnf
A_density_random_n60_k3_d0p125_s9,A_density,random,60,3,0.125,9,180,903,UNSAT,0.002711,0.001183,6,6,168,20,cnfs/A_density_random_n60_k3_d0p125_s9.cnf
A_density_random_n60_k3_d0p12_s1,A_density,random,60,3,0.12,1,180,876,UNSAT,0.003033,0.001231,12,13,345,20,cnfs/A_density_random_n60_k3_d0p12_s1.cnf
A_density_random_n60_k3_d0p12_s10,A_density,random,60,3,0.12,10,180,876,UNSAT,0.002782,0.001159,7,10,284,20,cnfs/A_density_random_n60_k3_d0p12_s10.cnf
A_density_random_n60_k3_d0p12_s11,A_density,random,60,3,0.12,11,180,876,UNSAT,0.002817,0.001218,11,15,166,20,cnfs/A_density_random_n60_k3_d0p12_s11.cnf
A_density_random_n60_k3_d0p12_s12,A_density,random,60,3,0.12,12,180,876,UNSAT,0.003035,0.001212,7,6,143,20,cnfs/A_density_random_n60_k3_d0p12_s12.cnf
A_density_random_n60_k3_d0p12_s13,A_density,random,60,3,0.12,13,180,876,UNSAT,0.002970,0.001213,13,14,291,20,cnfs/A_density_random_n60_k3_d0p12_s13.cnf
A_density_random_n60_k3_d0p12_s14,A_density,random,60,3,0.12,14,180,876,UNSAT,0.002794,0.001151,13,16,213,20,cnfs/A_density_random_n60_k3_d0p12_s14.cnf
A_density_random_n60_k3_d0p12_s15,A_density,random,60,3,0.12,15,180,876,UNSAT,0.002904,0.001174,10,10,153,20,cnfs/A_density_random_n60_k3_d0p12_s15.cnf
A_density_random_n60_k3_d0p12_s16,A_density,random,60,3,0.12,16,180,876,UNSAT,0.002647,0.00113,7,10,102,20,cnfs/A_density_random_n60_k3_d0p12_s16.cnf
A_density_random_n60_k3_d0p12_s17,A_density,random,60,3,0.12,17,180,876,UNSAT,0.003171,0.001265,20,19,469,20,cnfs/A_density_random_n60_k3_d0p12_s17.cnf
A_density_random_n60_k3_d0p12_s18,A_density,random,60,3,0.12,18,180,876,UNSAT,0.002848,0.001189,10,11,218,20,cnfs/A_density_random_n60_k3_d0p12_s18.cnf
A_density_random_n60_k3_d0p12_s19,A_density,random,60,3,0.12,19,180,876,UNSAT,0.002923,0.001198,15,16,281,20,cnfs/A_density_random_n60_k3_d0p12_s19.cnf
A_density_random_n60_k3_d0p12_s2,A_density,random,60,3,0.12,2,180,876,UNSAT,0.002827,0.001164,8,8,136,20,cnfs/A_density_random_n60_k3_d0p12_s2.cnf
A_density_random_n60_k3_d0p12_s20,A_density,random,60,3,0.12,20,180,876,UNSAT,0.002841,0.001177,22,22,528,20,cnfs/A_density_random_n60_k3_d0p12_s20.cnf
A_density_random_n60_k3_d0p12_s21,A_density,random,60,3,0.12,21,180,876,UNSAT,0.002927,0.001222,18,18,376,20,cnfs/A_density_random_n60_k3_d0p12_s21.cnf
A_density_random_n60_k3_d0p12_s22,A_density,random,60,3,0.12,22,180,876,UNSAT,0.002909,0.001189,8,8,189,20,cnfs/A_density_random_n60_k3_d0p12_s22.cnf
A_density_random_n60_k3_d0p12_s23,A_density,random,60,3,0.12,23,180,876,UNSAT,0.002899,0.001192,24,27,540,20,cnfs/A_density_random_n60_k3_d0p12_s23.cnf
A_density_random_n60_k3_d0p12_s24,A_density,random,60,3,0.12,24,180,876,UNSAT,0.002777,0.001169,10,10,146,20,cnfs/A_density_random_n60_k3_d0p12_s24.cnf
A_density_random_n60_k3_d0p12_s25,A_density,random,60,3,0.12,25,180,876,UNSAT,0.004385,0.001299,28,33,739,20,cnfs/A_density_random_n60_k3_d0p12_s25.cnf
A_density_random_n60_k3_d0p12_s26,A_density,random,60,3,0.12,26,180,876,UNSAT,0.003314,0.001286,15,14,337,20,cnfs/A_density_random_n60_k3_d0p12_s26.cnf
A_density_random_n60_k3_d0p12_s27,A_density,random,60,3,0.12,27,180,876,UNSAT,0.002899,0.001206,9,11,152,20,cnfs/A_density_random_n60_k3_d0p12_s27.cnf
A_density_random_n60_k3_d0p12_s28,A_density,random,60,3,0.12,28,180,876,UNSAT,0.003041,0.001203,7,8,88,20,cnfs/A_density_random_n60_k3_d0p12_s28.cnf
A_density_random_n60_k3_d0p12_s29,A_density,random,60,3,0.12,29,180,876,UNSAT,0.003034,0.001228,21,21,712,20,cnfs/A_density_random_n60_k3_d0p12_s29.cnf
A_density_random_n60_k3_d0p12_s3,A_density,random,60,3,0.12,3,180,876,UNSAT,0.003309,0.001258,15,14,315,20,cnfs/A_density_random_n60_k3_d0p12_s3.cnf
A_density_random_n60_k3_d0p12_s30,A_density,random,60,3,0.12,30,180,876,UNSAT,0.003223,0.001309,11,14,356,20,cnfs/A_density_random_n60_k3_d0p12_s30.cnf
A_density_random_n60_k3_d0p12_s31,A_density,random,60,3,0.12,31,180,876,UNSAT,0.002971,0.001256,20,21,601,20,cnfs/A_density_random_n60_k3_d0p12_s31.cnf
A_density_random_n60_k3_d0p12_s32,A_density,random,60,3,0.12,32,180,876,UNSAT,0.002967,0.001236,9,10,151,20,cnfs/A_density_random_n60_k3_d0p12_s32.cnf
A_density_random_n60_k3_d0p12_s33,A_density,random,60,3,0.12,33,180,876,UNSAT,0.002833,0.001179,14,14,207,20,cnfs/A_density_random_n60_k3_d0p12_s33.cnf
A_density_random_n60_k3_d0p12_s34,A_density,random,60,3,0.12,34,180,876,UNSAT,0.003088,0.00121,9,10,168,20,cnfs/A_density_random_n60_k3_d0p12_s34.cnf
A_density_random_n60_k3_d0p12_s35,A_density,random,60,3,0.12,35,180,876,UNSAT,0.003485,0.001415,10,12,254,20,cnfs/A_density_random_n60_k3_d0p12_s35.cnf
A_density_random_n60_k3_d0p12_s36,A_density,random,60,3,0.12,36,180,876,UNSAT,0.003243,0.00131,16,18,337,20,cnfs/A_density_random_n60_k3_d0p12_s36.cnf
A_density_random_n60_k3_d0p12_s37,A_density,random,60,3,0.12,37,180,876,UNSAT,0.003470,0.001301,14,14,292,20,cnfs/A_density_random_n60_k3_d0p12_s37.cnf
A_density_random_n60_k3_d0p12_s38,A_density,random,60,3,0.12,38,180,876,UNSAT,0.004394,0.001479,13,12,322,20,cnfs/A_density_random_n60_k3_d0p12_s38.cnf
A_density_random_n60_k3_d0p12_s39,A_density,random,60,3,0.12,39,180,876,UNSAT,0.006090,0.001486,8,8,185,20,cnfs/A_density_random_n60_k3_d0p12_s39.cnf
A_density_random_n60_k3_d0p12_s4,A_density,random,60,3,0.12,4,180,876,UNSAT,0.004819,0.001385,8,9,188,20,cnfs/A_density_random_n60_k3_d0p12_s4.cnf
A_density_random_n60_k3_d0p12_s40,A_density,random,60,3,0.12,40,180,876,UNSAT,0.003886,0.001402,8,9,90,20,cnfs/A_density_random_n60_k3_d0p12_s40.cnf
A_density_random_n60_k3_d0p12_s5,A_density,random,60,3,0.12,5,180,876,UNSAT,0.005058,0.001352,12,12,308,20,cnfs/A_density_random_n60_k3_d0p12_s5.cnf
A_density_random_n60_k3_d0p12_s6,A_density,random,60,3,0.12,6,180,876,UNSAT,0.003071,0.001229,7,7,264,20,cnfs/A_density_random_n60_k3_d0p12_s6.cnf
A_density_random_n60_k3_d0p12_s7,A_density,random,60,3,0.12,7,180,876,UNSAT,0.003086,0.00123,7,7,235,20,cnfs/A_density_random_n60_k3_d0p12_s7.cnf
A_density_random_n60_k3_d0p12_s8,A_density,random,60,3,0.12,8,180,876,UNSAT,0.003058,0.001276,15,18,362,20,cnfs/A_density_random_n60_k3_d0p12_s8.cnf
A_density_random_n60_k3_d0p12_s9,A_density,random,60,3,0.12,9,180,876,UNSAT,0.002991,0.001221,6,6,151,20,cnfs/A_density_random_n60_k3_d0p12_s9.cnf
A_density_random_n60_k3_d0p13_s1,A_density,random,60,3,0.13,1,180,930,UNSAT,0.003216,0.00129,9,9,262,20,cnfs/A_density_random_n60_k3_d0p13_s1.cnf
A_density_random_n60_k3_d0p13_s10,A_density,random,60,3,0.13,10,180,930,UNSAT,0.003133,0.001301,17,19,454,20,cnfs/A_density_random_n60_k3_d0p13_s10.cnf
A_density_random_n60_k3_d0p13_s11,A_density,random,60,3,0.13,11,180,930,UNSAT,0.002951,0.001233,19,22,425,20,cnfs/A_density_random_n60_k3_d0p13_s11.cnf
A_density_random_n60_k3_d0p13_s12,A_density,random,60,3,0.13,12,180,930,UNSAT,0.002873,0.001201,8,7,172,20,cnfs/A_density_random_n60_k3_d0p13_s12.cnf
A_density_random_n60_k3_d0p13_s13,A_density,random,60,3,0.13,13,180,930,UNSAT,0.002855,0.0012,11,12,249,20,cnfs/A_density_random_n60_k3_d0p13_s13.cnf
A_density_random_n60_k3_d0p13_s14,A_density,random,60,3,0.13,14,180,930,UNSAT,0.003672,0.001388,19,22,327,20,cnfs/A_density_random_n60_k3_d0p13_s14.cnf
A_density_random_n60_k3_d0p13_s15,A_density,random,60,3,0.13,15,180,930,UNSAT,0.003081,0.001255,10,10,125,20,cnfs/A_density_random_n60_k3_d0p13_s15.cnf
A_density_random_n60_k3_d0p13_s16,A_density,random,60,3,0.13,16,180,930,UNSAT,0.003026,0.001223,6,9,64,20,cnfs/A_density_random_n60_k3_d0p13_s16.cnf
A_density_random_n60_k3_d0p13_s17,A_density,random,60,3,0.13,17,180,930,UNSAT,0.002857,0.001188,10,11,349,20,cnfs/A_density_random_n60_k3_d0p13_s17.cnf
A_density_random_n60_k3_d0p13_s18,A_density,random,60,3,0.13,18,180,930,UNSAT,0.002980,0.001254,15,17,337,20,cnfs/A_density_random_n60_k3_d0p13_s18.cnf
A_density_random_n60_k3_d0p13_s19,A_density,random,60,3,0.13,19,180,930,UNSAT,0.003697,0.001375,13,14,276,20,cnfs/A_density_random_n60_k3_d0p13_s19.cnf
A_density_random_n60_k3_d0p13_s2,A_density,random,60,3,0.13,2,180,930,UNSAT,0.003246,0.001262,8,8,145,20,cnfs/A_density_random_n60_k3_d0p13_s2.cnf
A_density_random_n60_k3_d0p13_s20,A_density,random,60,3,0.13,20,180,930,UNSAT,0.003211,0.001273,11,11,314,20,cnfs/A_density_random_n60_k3_d0p13_s20.cnf
A_density_random_n60_k3_d0p13_s21,A_density,random,60,3,0.13,21,180,930,UNSAT,0.002900,0.00125,9,11,178,20,cnfs/A_density_random_n60_k3_d0p13_s21.cnf
A_density_random_n60_k3_d0p13_s22,A_density,random,60,3,0.13,22,180,930,UNSAT,0.004534,0.001204,6,8,76,20,cnfs/A_density_random_n60_k3_d0p13_s22.cnf
A_density_random_n60_k3_d0p13_s23,A_density,random,60,3,0.13,23,180,930,UNSAT,0.003131,0.00126,19,21,437,20,cnfs/A_density_random_n60_k3_d0p13_s23.cnf
A_density_random_n60_k3_d0p13_s24,A_density,random,60,3,0.13,24,180,930,UNSAT,0.003007,0.001233,12,13,297,20,cnfs/A_density_random_n60_k3_d0p13_s24.cnf
A_density_random_n60_k3_d0p13_s25,A_density,random,60,3,0.13,25,180,930,UNSAT,0.003124,0.001251,12,12,291,20,cnfs/A_density_random_n60_k3_d0p13_s25.cnf
A_density_random_n60_k3_d0p13_s26,A_density,random,60,3,0.13,26,180,930,UNSAT,0.002923,0.001186,8,8,108,20,cnfs/A_density_random_n60_k3_d0p13_s26.cnf
A_density_random_n60_k3_d0p13_s27,A_density,random,60,3,0.13,27,180,930,UNSAT,0.003271,0.001261,9,11,108,20,cnfs/A_density_random_n60_k3_d0p13_s27.cnf
A_density_random_n60_k3_d0p13_s28,A_density,random,60,3,0.13,28,180,930,UNSAT,0.003121,0.001269,9,10,177,20,cnfs/A_density_random_n60_k3_d0p13_s28.cnf
A_density_random_n60_k3_d0p13_s29,A_density,random,60,3,0.13,29,180,930,UNSAT,0.003046,0.001291,13,13,425,20,cnfs/A_density_random_n60_k3_d0p13_s29.cnf
A_density_random_n60_k3_d0p13_s3,A_density,random,60,3,0.13,3,180,930,UNSAT,0.002978,0.001222,8,7,106,20,cnfs/A_density_random_n60_k3_d0p13_s3.cnf
A_density_random_n60_k3_d0p13_s30,A_density,random,60,3,0.13,30,180,930,UNSAT,0.003066,0.001206,8,7,146,20,cnfs/A_density_random_n60_k3_d0p13_s30.cnf
A_density_random_n60_k3_d0p13_s31,A_density,random,60,3,0.13,31,180,930,UNSAT,0.003238,0.001304,26,28,798,20,cnfs/A_density_random_n60_k3_d0p13_s31.cnf
A_density_random_n60_k3_d0p13_s32,A_density,random,60,3,0.13,32,180,930,UNSAT,0.003311,0.001295,11,11,237,20,cnfs/A_density_random_n60_k3_d0p13_s32.cnf
A_density_random_n60_k3_d0p13_s33,A_density,random,60,3,0.13,33,180,930,UNSAT,0.002905,0.001176,6,7,90,20,cnfs/A_density_random_n60_k3_d0p13_s33.cnf
A_density_random_n60_k3_d0p13_s34,A_density,random,60,3,0.13,34,180,930,UNSAT,0.003085,0.001248,7,8,184,20,cnfs/A_density_random_n60_k3_d0p13_s34.cnf
A_density_random_n60_k3_d0p13_s35,A_density,random,60,3,0.13,35,180,930,UNSAT,0.003046,0.001232,10,12,311,20,cnfs/A_density_random_n60_k3_d0p13_s35.cnf
A_density_random_n60_k3_d0p13_s36,A_density,random,60,3,0.13,36,180,930,UNSAT,0.003392,0.001312,17,19,437,20,cnfs/A_density_random_n60_k3_d0p13_s36.cnf
A_density_random_n60_k3_d0p13_s37,A_density,random,60,3,0.13,37,180,930,UNSAT,0.003024,0.001256,14,14,278,20,cnfs/A_density_random_n60_k3_d0p13_s37.cnf
A_density_random_n60_k3_d0p13_s38,A_density,random,60,3,0.13,38,180,930,UNSAT,0.002928,0.001219,10,11,265,20,cnfs/A_density_random_n60_k3_d0p13_s38.cnf
A_density_random_n60_k3_d0p13_s39,A_density,random,60,3,0.13,39,180,930,UNSAT,0.004657,0.001319,8,9,156,20,cnfs/A_density_random_n60_k3_d0p13_s39.cnf
A_density_random_n60_k3_d0p13_s4,A_density,random,60,3,0.13,4,180,930,UNSAT,0.004172,0.001297,16,18,302,20,cnfs/A_density_random_n60_k3_d0p13_s4.cnf
A_density_random_n60_k3_d0p13_s40,A_density,random,60,3,0.13,40,180,930,UNSAT,0.003270,0.001325,7,7,96,20,cnfs/A_density_random_n60_k3_d0p13_s40.cnf
A_density_random_n60_k3_d0p13_s5,A_density,random,60,3,0.13,5,180,930,UNSAT,0.003044,0.001302,11,11,265,20,cnfs/A_density_random_n60_k3_d0p13_s5.cnf
A_density_random_n60_k3_d0p13_s6,A_density,random,60,3,0.13,6,180,930,UNSAT,0.002852,0.001208,8,8,211,20,cnfs/A_density_random_n60_k3_d0p13_s6.cnf
A_density_random_n60_k3_d0p13_s7,A_density,random,60,3,0.13,7,180,930,UNSAT,0.002848,0.00122,8,8,300,20,cnfs/A_density_random_n60_k3_d0p13_s7.cnf
A_density_random_n60_k3_d0p13_s8,A_density,random,60,3,0.13,8,180,930,UNSAT,0.003145,0.001286,9,9,115,20,cnfs/A_density_random_n60_k3_d0p13_s8.cnf
A_density_random_n60_k3_d0p13_s9,A_density,random,60,3,0.13,9,180,930,UNSAT,0.003735,0.001385,8,9,170,20,cnfs/A_density_random_n60_k3_d0p13_s9.cnf
A_density_random_n60_k3_d0p1_s1,A_density,random,60,3,0.1,1,180,771,UNSAT,0.003131,0.001254,25,27,410,20,cnfs/A_density_random_n60_k3_d0p1_s1.cnf
A_density_random_n60_k3_d0p1_s10,A_density,random,60,3,0.1,10,180,771,UNSAT,0.002916,0.001214,10,13,438,20,cnfs/A_density_random_n60_k3_d0p1_s10.cnf
A_density_random_n60_k3_d0p1_s11,A_density,random,60,3,0.1,11,180,771,UNSAT,0.002975,0.001188,12,13,243,20,cnfs/A_density_random_n60_k3_d0p1_s11.cnf
A_density_random_n60_k3_d0p1_s12,A_density,random,60,3,0.1,12,180,771,UNSAT,0.003374,0.001289,10,10,273,20,cnfs/A_density_random_n60_k3_d0p1_s12.cnf
A_density_random_n60_k3_d0p1_s13,A_density,random,60,3,0.1,13,180,771,UNSAT,0.003178,0.001244,15,16,328,20,cnfs/A_density_random_n60_k3_d0p1_s13.cnf
A_density_random_n60_k3_d0p1_s14,A_density,random,60,3,0.1,14,180,771,UNSAT,0.003104,0.001232,32,32,904,20,cnfs/A_density_random_n60_k3_d0p1_s14.cnf
A_density_random_n60_k3_d0p1_s15,A_density,random,60,3,0.1,15,180,771,UNSAT,0.003028,0.001251,11,13,265,20,cnfs/A_density_random_n60_k3_d0p1_s15.cnf
A_density_random_n60_k3_d0p1_s16,A_density,random,60,3,0.1,16,180,771,UNSAT,0.002907,0.001165,6,11,71,20,cnfs/A_density_random_n60_k3_d0p1_s16.cnf
A_density_random_n60_k3_d0p1_s17,A_density,random,60,3,0.1,17,180,771,UNSAT,0.003166,0.001296,36,37,807,20,cnfs/A_density_random_n60_k3_d0p1_s17.cnf
A_density_random_n60_k3_d0p1_s18,A_density,random,60,3,0.1,18,180,771,UNSAT,0.003061,0.001218,11,12,211,20,cnfs/A_density_random_n60_k3_d0p1_s18.cnf
A_density_random_n60_k3_d0p1_s19,A_density,random,60,3,0.1,19,180,771,UNSAT,0.002957,0.001217,11,11,254,20,cnfs/A_density_random_n60_k3_d0p1_s19.cnf
A_density_random_n60_k3_d0p1_s2,A_density,random,60,3,0.1,2,180,771,UNSAT,0.002992,0.001252,13,15,303,20,cnfs/A_density_random_n60_k3_d0p1_s2.cnf
A_density_random_n60_k3_d0p1_s20,A_density,random,60,3,0.1,20,180,771,UNSAT,0.002875,0.001152,19,20,479,20,cnfs/A_density_random_n60_k3_d0p1_s20.cnf
A_density_random_n60_k3_d0p1_s21,A_density,random,60,3,0.1,21,180,771,UNSAT,0.003030,0.001203,20,25,590,20,cnfs/A_density_random_n60_k3_d0p1_s21.cnf
A_density_random_n60_k3_d0p1_s22,A_density,random,60,3,0.1,22,180,771,UNSAT,0.003182,0.001183,9,9,149,20,cnfs/A_density_random_n60_k3_d0p1_s22.cnf
A_density_random_n60_k3_d0p1_s23,A_density,random,60,3,0.1,23,180,771,UNSAT,0.002869,0.001198,15,17,299,20,cnfs/A_density_random_n60_k3_d0p1_s23.cnf
A_density_random_n60_k3_d0p1_s24,A_density,random,60,3,0.1,24,180,771,UNSAT,0.003667,0.001282,11,13,174,20,cnfs/A_density_random_n60_k3_d0p1_s24.cnf
A_density_random_n60_k3_d0p1_s25,A_density,random,60,3,0.1,25,180,771,UNSAT,0.003427,0.001286,10,12,206,20,cnfs/A_density_random_n60_k3_d0p1_s25.cnf
A_density_random_n60_k3_d0p1_s26,A_density,random,60,3,0.1,26,180,771,UNSAT,0.003898,0.001334,11,10,345,20,cnfs/A_density_random_n60_k3_d0p1_s26.cnf
A_density_random_n60_k3_d0p1_s27,A_density,random,60,3,0.1,27,180,771,UNSAT,0.003286,0.001315,14,17,390,20,cnfs/A_density_random_n60_k3_d0p1_s27.cnf
A_density_random_n60_k3_d0p1_s28,A_density,random,60,3,0.1,28,180,771,UNSAT,0.003225,0.001278,11,10,298,20,cnfs/A_density_random_n60_k3_d0p1_s28.cnf
A_density_random_n60_k3_d0p1_s29,A_density,random,60,3,0.1,29,180,771,UNSAT,0.003153,0.001266,29,29,723,20,cnfs/A_density_random_n60_k3_d0p1_s29.cnf
A_density_random_n60_k3_d0p1_s3,A_density,random,60,3,0.1,3,180,771,UNSAT,0.003105,0.001259,11,12,387,20,cnfs/A_density_random_n60_k3_d0p1_s3.cnf
A_density_random_n60_k3_d0p1_s30,A_density,random,60,3,0.1,30,180,771,UNSAT,0.003217,0.001296,10,9,459,20,cnfs/A_density_random_n60_k3_d0p1_s30.cnf
A_density_random_n60_k3_d0p1_s31,A_density,random,60,3,0.1,31,180,771,UNSAT,0.003087,0.001228,28,34,654,20,cnfs/A_density_random_n60_k3_d0p1_s31.cnf
A_density_random_n60_k3_d0p1_s32,A_density,random,60,3,0.1,32,180,771,UNSAT,0.002977,0.001219,8,9,330,20,cnfs/A_density_random_n60_k3_d0p1_s32.cnf
A_density_random_n60_k3_d0p1_s33,A_density,random,60,3,0.1,33,180,771,UNSAT,0.002884,0.001174,12,14,168,20,cnfs/A_density_random_n60_k3_d0p1_s33.cnf
A_density_random_n60_k3_d0p1_s34,A_density,random,60,3,0.1,34,180,771,UNSAT,0.002940,0.001268,30,29,1045,20,cnfs/A_density_random_n60_k3_d0p1_s34.cnf
A_density_random_n60_k3_d0p1_s35,A_density,random,60,3,0.1,35,180,771,UNSAT,0.003218,0.001253,18,17,502,20,cnfs/A_density_random_n60_k3_d0p1_s35.cnf
A_density_random_n60_k3_d0p1_s36,A_density,random,60,3,0.1,36,180,771,UNSAT,0.003039,0.001304,54,60,1570,20,cnfs/A_density_random_n60_k3_d0p1_s36.cnf
A_density_random_n60_k3_d0p1_s37,A_density,random,60,3,0.1,37,180,771,UNSAT,0.002906,0.001196,18,18,356,20,cnfs/A_density_random_n60_k3_d0p1_s37.cnf
A_density_random_n60_k3_d0p1_s38,A_density,random,60,3,0.1,38,180,771,UNSAT,0.002734,0.001163,22,24,624,20,cnfs/A_density_random_n60_k3_d0p1_s38.cnf
A_density_random_n60_k3_d0p1_s39,A_density,random,60,3,0.1,39,180,771,UNSAT,0.002807,0.001193,26,27,875,20,cnfs/A_density_random_n60_k3_d0p1_s39.cnf
A_density_random_n60_k3_d0p1_s4,A_density,random,60,3,0.1,4,180,771,UNSAT,0.003497,0.001279,12,14,165,20,cnfs/A_density_random_n60_k3_d0p1_s4.cnf
A_density_random_n60_k3_d0p1_s40,A_density,random,60,3,0.1,40,180,771,UNSAT,0.002941,0.001176,6,9,70,20,cnfs/A_density_random_n60_k3_d0p1_s40.cnf
A_density_random_n60_k3_d0p1_s5,A_density,random,60,3,0.1,5,180,771,UNSAT,0.002904,0.001221,12,15,408,20,cnfs/A_density_random_n60_k3_d0p1_s5.cnf
A_density_random_n60_k3_d0p1_s6,A_density,random,60,3,0.1,6,180,771,UNSAT,0.002939,0.001183,18,18,464,20,cnfs/A_density_random_n60_k3_d0p1_s6.cnf
A_density_random_n60_k3_d0p1_s7,A_density,random,60,3,0.1,7,180,771,UNSAT,0.003020,0.001268,10,13,229,20,cnfs/A_density_random_n60_k3_d0p1_s7.cnf
A_density_random_n60_k3_d0p1_s8,A_density,random,60,3,0.1,8,180,771,UNSAT,0.003099,0.001299,15,18,254,20,cnfs/A_density_random_n60_k3_d0p1_s8.cnf
A_density_random_n60_k3_d0p1_s9,A_density,random,60,3,0.1,9,180,771,UNSAT,0.003015,0.001209,12,12,172,20,cnfs/A_density_random_n60_k3_d0p1_s9.cnf
B_size_random_n20_k3_d0p07_s1,B_size,random,20,3,0.07,1,60,119,SAT,0.002542,0.000817,0,1,0,10,cnfs/B_size_random_n20_k3_d0p07_s1.cnf
B_size_random_n20_k3_d0p07_s10,B_size,random,20,3,0.07,10,60,119,SAT,0.002651,0.000766,0,1,0,10,cnfs/B_size_random_n20_k3_d0p07_s10.cnf
B_size_random_n20_k3_d0p07_s11,B_size,random,20,3,0.07,11,60,119,SAT,0.002424,0.000777,0,1,0,10,cnfs/B_size_random_n20_k3_d0p07_s11.cnf
B_size_random_n20_k3_d0p07_s12,B_size,random,20,3,0.07,12,60,119,SAT,0.002420,0.00077,0,1,0,10,cnfs/B_size_random_n20_k3_d0p07_s12.cnf
B_size_random_n20_k3_d0p07_s13,B_size,random,20,3,0.07,13,60,119,SAT,0.004847,0.000875,0,1,0,10,cnfs/B_size_random_n20_k3_d0p07_s13.cnf
B_size_random_n20_k3_d0p07_s14,B_size,random,20,3,0.07,14,60,119,SAT,0.020950,0.000994,0,1,0,10,cnfs/B_size_random_n20_k3_d0p07_s14.cnf
B_size_random_n20_k3_d0p07_s15,B_size,random,20,3,0.07,15,60,119,SAT,0.005526,0.000943,0,1,0,10,cnfs/B_size_random_n20_k3_d0p07_s15.cnf
B_size_random_n20_k3_d0p07_s16,B_size,random,20,3,0.07,16,60,119,SAT,0.003204,0.00092,0,1,0,10,cnfs/B_size_random_n20_k3_d0p07_s16.cnf
B_size_random_n20_k3_d0p07_s17,B_size,random,20,3,0.07,17,60,119,SAT,0.002688,0.000891,0,1,0,10,cnfs/B_size_random_n20_k3_d0p07_s17.cnf
B_size_random_n20_k3_d0p07_s18,B_size,random,20,3,0.07,18,60,119,SAT,0.002668,0.000861,0,1,0,10,cnfs/B_size_random_n20_k3_d0p07_s18.cnf
B_size_random_n20_k3_d0p07_s19,B_size,random,20,3,0.07,19,60,119,SAT,0.003708,0.000896,0,1,0,10,cnfs/B_size_random_n20_k3_d0p07_s19.cnf
B_size_random_n20_k3_d0p07_s2,B_size,random,20,3,0.07,2,60,119,SAT,0.002576,0.000833,0,1,0,10,cnfs/B_size_random_n20_k3_d0p07_s2.cnf
B_size_random_n20_k3_d0p07_s20,B_size,random,20,3,0.07,20,60,119,SAT,0.002744,0.000871,0,1,0,10,cnfs/B_size_random_n20_k3_d0p07_s20.cnf
B_size_random_n20_k3_d0p07_s21,B_size,random,20,3,0.07,21,60,119,SAT,0.002590,0.000803,0,1,0,10,cnfs/B_size_random_n20_k3_d0p07_s21.cnf
B_size_random_n20_k3_d0p07_s22,B_size,random,20,3,0.07,22,60,119,SAT,0.002385,0.00078,0,1,0,10,cnfs/B_size_random_n20_k3_d0p07_s22.cnf
B_size_random_n20_k3_d0p07_s23,B_size,random,20,3,0.07,23,60,119,SAT,0.002708,0.000842,0,1,0,10,cnfs/B_size_random_n20_k3_d0p07_s23.cnf
B_size_random_n20_k3_d0p07_s24,B_size,random,20,3,0.07,24,60,119,SAT,0.002407,0.00076,0,1,0,10,cnfs/B_size_random_n20_k3_d0p07_s24.cnf
B_size_random_n20_k3_d0p07_s25,B_size,random,20,3,0.07,25,60,119,SAT,0.002589,0.000821,0,1,0,10,cnfs/B_size_random_n20_k3_d0p07_s25.cnf
B_size_random_n20_k3_d0p07_s26,B_size,random,20,3,0.07,26,60,119,SAT,0.002841,0.000836,0,1,0,10,cnfs/B_size_random_n20_k3_d0p07_s26.cnf
B_size_random_n20_k3_d0p07_s27,B_size,random,20,3,0.07,27,60,119,SAT,0.002571,0.000802,0,1,0,10,cnfs/B_size_random_n20_k3_d0p07_s27.cnf
B_size_random_n20_k3_d0p07_s28,B_size,random,20,3,0.07,28,60,119,SAT,0.002666,0.000792,0,1,0,10,cnfs/B_size_random_n20_k3_d0p07_s28.cnf
B_size_random_n20_k3_d0p07_s29,B_size,random,20,3,0.07,29,60,119,SAT,0.003823,0.001039,0,1,0,10,cnfs/B_size_random_n20_k3_d0p07_s29.cnf
B_size_random_n20_k3_d0p07_s3,B_size,random,20,3,0.07,3,60,119,SAT,0.008073,0.00095,0,1,0,10,cnfs/B_size_random_n20_k3_d0p07_s3.cnf
B_size_random_n20_k3_d0p07_s30,B_size,random,20,3,0.07,30,60,119,SAT,0.005888,0.000967,0,1,0,10,cnfs/B_size_random_n20_k3_d0p07_s30.cnf
B_size_random_n20_k3_d0p07_s31,B_size,random,20,3,0.07,31,60,119,SAT,0.002728,0.000865,0,1,0,10,cnfs/B_size_random_n20_k3_d0p07_s31.cnf
B_size_random_n20_k3_d0p07_s32,B_size,random,20,3,0.07,32,60,119,SAT,0.002481,0.000823,0,1,0,10,cnfs/B_size_random_n20_k3_d0p07_s32.cnf
B_size_random_n20_k3_d0p07_s33,B_size,random,20,3,0.07,33,60,119,SAT,0.003008,0.00087,0,1,0,10,cnfs/B_size_random_n20_k3_d0p07_s33.cnf
B_size_random_n20_k3_d0p07_s34,B_size,random,20,3,0.07,34,60,119,SAT,0.002940,0.000841,0,1,0,10,cnfs/B_size_random_n20_k3_d0p07_s34.cnf
B_size_random_n20_k3_d0p07_s35,B_size,random,20,3,0.07,35,60,119,SAT,0.046695,0.001138,0,1,0,10,cnfs/B_size_random_n20_k3_d0p07_s35.cnf
B_size_random_n20_k3_d0p07_s36,B_size,random,20,3,0.07,36,60,119,SAT,0.007569,0.001144,0,1,0,10,cnfs/B_size_random_n20_k3_d0p07_s36.cnf
B_size_random_n20_k3_d0p07_s37,B_size,random,20,3,0.07,37,60,119,SAT,0.003309,0.00098,0,1,0,10,cnfs/B_size_random_n20_k3_d0p07_s37.cnf
B_size_random_n20_k3_d0p07_s38,B_size,random,20,3,0.07,38,60,119,SAT,0.003736,0.000986,0,1,0,10,cnfs/B_size_random_n20_k3_d0p07_s38.cnf
B_size_random_n20_k3_d0p07_s39,B_size,random,20,3,0.07,39,60,119,SAT,0.002979,0.000918,0,1,0,10,cnfs/B_size_random_n20_k3_d0p07_s39.cnf
B_size_random_n20_k3_d0p07_s4,B_size,random,20,3,0.07,4,60,119,SAT,0.003004,0.000937,0,1,0,10,cnfs/B_size_random_n20_k3_d0p07_s4.cnf
B_size_random_n20_k3_d0p07_s40,B_size,random,20,3,0.07,40,60,119,SAT,0.002803,0.000843,0,1,0,10,cnfs/B_size_random_n20_k3_d0p07_s40.cnf
B_size_random_n20_k3_d0p07_s5,B_size,random,20,3,0.07,5,60,119,SAT,0.002719,0.000841,0,1,0,10,cnfs/B_size_random_n20_k3_d0p07_s5.cnf
B_size_random_n20_k3_d0p07_s6,B_size,random,20,3,0.07,6,60,119,SAT,0.002815,0.000868,0,1,0,10,cnfs/B_size_random_n20_k3_d0p07_s6.cnf
B_size_random_n20_k3_d0p07_s7,B_size,random,20,3,0.07,7,60,119,SAT,0.002714,0.00081,0,1,0,10,cnfs/B_size_random_n20_k3_d0p07_s7.cnf
B_size_random_n20_k3_d0p07_s8,B_size,random,20,3,0.07,8,60,119,SAT,0.002492,0.00079,0,1,0,10,cnfs/B_size_random_n20_k3_d0p07_s8.cnf
B_size_random_n20_k3_d0p07_s9,B_size,random,20,3,0.07,9,60,119,SAT,0.002602,0.000774,0,1,0,10,cnfs/B_size_random_n20_k3_d0p07_s9.cnf
B_size_random_n40_k3_d0p07_s1,B_size,random,40,3,0.07,1,120,325,SAT,0.003063,0.00104,0,1,0,10,cnfs/B_size_random_n40_k3_d0p07_s1.cnf
B_size_random_n40_k3_d0p07_s10,B_size,random,40,3,0.07,10,120,325,SAT,0.002864,0.000979,0,1,0,10,cnfs/B_size_random_n40_k3_d0p07_s10.cnf
B_size_random_n40_k3_d0p07_s11,B_size,random,40,3,0.07,11,120,325,SAT,0.003109,0.001067,0,1,0,10,cnfs/B_size_random_n40_k3_d0p07_s11.cnf
B_size_random_n40_k3_d0p07_s12,B_size,random,40,3,0.07,12,120,325,SAT,0.002799,0.000991,0,1,0,10,cnfs/B_size_random_n40_k3_d0p07_s12.cnf
B_size_random_n40_k3_d0p07_s13,B_size,random,40,3,0.07,13,120,325,SAT,0.002850,0.001058,0,1,0,10,cnfs/B_size_random_n40_k3_d0p07_s13.cnf
B_size_random_n40_k3_d0p07_s14,B_size,random,40,3,0.07,14,120,325,SAT,0.002763,0.000961,0,1,0,10,cnfs/B_size_random_n40_k3_d0p07_s14.cnf
B_size_random_n40_k3_d0p07_s15,B_size,random,40,3,0.07,15,120,325,SAT,0.002737,0.000933,0,1,0,10,cnfs/B_size_random_n40_k3_d0p07_s15.cnf
B_size_random_n40_k3_d0p07_s16,B_size,random,40,3,0.07,16,120,325,SAT,0.003028,0.001011,0,1,0,10,cnfs/B_size_random_n40_k3_d0p07_s16.cnf
B_size_random_n40_k3_d0p07_s17,B_size,random,40,3,0.07,17,120,325,SAT,0.002986,0.000992,0,1,0,10,cnfs/B_size_random_n40_k3_d0p07_s17.cnf
B_size_random_n40_k3_d0p07_s18,B_size,random,40,3,0.07,18,120,325,SAT,0.002924,0.000996,0,1,0,10,cnfs/B_size_random_n40_k3_d0p07_s18.cnf
B_size_random_n40_k3_d0p07_s19,B_size,random,40,3,0.07,19,120,325,SAT,0.003147,0.001118,0,1,0,10,cnfs/B_size_random_n40_k3_d0p07_s19.cnf
B_size_random_n40_k3_d0p07_s2,B_size,random,40,3,0.07,2,120,325,SAT,0.002998,0.000999,0,1,0,10,cnfs/B_size_random_n40_k3_d0p07_s2.cnf
B_size_random_n40_k3_d0p07_s20,B_size,random,40,3,0.07,20,120,325,SAT,0.003685,0.001139,0,1,0,10,cnfs/B_size_random_n40_k3_d0p07_s20.cnf
B_size_random_n40_k3_d0p07_s21,B_size,random,40,3,0.07,21,120,325,SAT,0.004902,0.001143,0,1,0,10,cnfs/B_size_random_n40_k3_d0p07_s21.cnf
B_size_random_n40_k3_d0p07_s22,B_size,random,40,3,0.07,22,120,325,SAT,0.003451,0.001112,0,1,0,10,cnfs/B_size_random_n40_k3_d0p07_s22.cnf
B_size_random_n40_k3_d0p07_s23,B_size,random,40,3,0.07,23,120,325,SAT,0.002934,0.001046,0,1,0,10,cnfs/B_size_random_n40_k3_d0p07_s23.cnf
B_size_random_n40_k3_d0p07_s24,B_size,random,40,3,0.07,24,120,325,SAT,0.003182,0.001029,0,1,0,10,cnfs/B_size_random_n40_k3_d0p07_s24.cnf
B_size_random_n40_k3_d0p07_s25,B_size,random,40,3,0.07,25,120,325,SAT,0.002973,0.001059,0,1,0,10,cnfs/B_size_random_n40_k3_d0p07_s25.cnf
B_size_random_n40_k3_d0p07_s26,B_size,random,40,3,0.07,26,120,325,SAT,0.002806,0.000969,0,1,0,10,cnfs/B_size_random_n40_k3_d0p07_s26.cnf
B_size_random_n40_k3_d0p07_s27,B_size,random,40,3,0.07,27,120,325,SAT,0.002725,0.000957,0,1,0,10,cnfs/B_size_random_n40_k3_d0p07_s27.cnf
B_size_random_n40_k3_d0p07_s28,B_size,random,40,3,0.07,28,120,325,SAT,0.002694,0.000957,0,1,0,10,cnfs/B_size_random_n40_k3_d0p07_s28.cnf
B_size_random_n40_k3_d0p07_s29,B_size,random,40,3,0.07,29,120,325,SAT,0.002950,0.000977,0,1,0,10,cnfs/B_size_random_n40_k3_d0p07_s29.cnf
B_size_random_n40_k3_d0p07_s3,B_size,random,40,3,0.07,3,120,325,SAT,0.003065,0.001056,0,1,0,10,cnfs/B_size_random_n40_k3_d0p07_s3.cnf
B_size_random_n40_k3_d0p07_s30,B_size,random,40,3,0.07,30,120,325,SAT,0.002703,0.000953,0,1,0,10,cnfs/B_size_random_n40_k3_d0p07_s30.cnf
B_size_random_n40_k3_d0p07_s31,B_size,random,40,3,0.07,31,120,325,SAT,0.002723,0.000968,0,1,0,10,cnfs/B_size_random_n40_k3_d0p07_s31.cnf
B_size_random_n40_k3_d0p07_s32,B_size,random,40,3,0.07,32,120,325,SAT,0.002783,0.001011,0,1,0,10,cnfs/B_size_random_n40_k3_d0p07_s32.cnf
B_size_random_n40_k3_d0p07_s33,B_size,random,40,3,0.07,33,120,325,SAT,0.002658,0.000945,0,1,0,10,cnfs/B_size_random_n40_k3_d0p07_s33.cnf
B_size_random_n40_k3_d0p07_s34,B_size,random,40,3,0.07,34,120,325,SAT,0.002791,0.000973,0,1,0,10,cnfs/B_size_random_n40_k3_d0p07_s34.cnf
B_size_random_n40_k3_d0p07_s35,B_size,random,40,3,0.07,35,120,325,SAT,0.002751,0.000965,0,1,0,10,cnfs/B_size_random_n40_k3_d0p07_s35.cnf
B_size_random_n40_k3_d0p07_s36,B_size,random,40,3,0.07,36,120,325,SAT,0.002745,0.000952,0,1,0,10,cnfs/B_size_random_n40_k3_d0p07_s36.cnf
B_size_random_n40_k3_d0p07_s37,B_size,random,40,3,0.07,37,120,325,UNSAT,0.002774,0.000998,0,0,2,20,cnfs/B_size_random_n40_k3_d0p07_s37.cnf
B_size_random_n40_k3_d0p07_s38,B_size,random,40,3,0.07,38,120,325,SAT,0.002758,0.000956,0,1,0,10,cnfs/B_size_random_n40_k3_d0p07_s38.cnf
B_size_random_n40_k3_d0p07_s39,B_size,random,40,3,0.07,39,120,325,SAT,0.002640,0.000931,0,1,0,10,cnfs/B_size_random_n40_k3_d0p07_s39.cnf
B_size_random_n40_k3_d0p07_s4,B_size,random,40,3,0.07,4,120,325,SAT,0.003015,0.001065,0,1,0,10,cnfs/B_size_random_n40_k3_d0p07_s4.cnf
B_size_random_n40_k3_d0p07_s40,B_size,random,40,3,0.07,40,120,325,SAT,0.002675,0.000942,0,1,0,10,cnfs/B_size_random_n40_k3_d0p07_s40.cnf
B_size_random_n40_k3_d0p07_s5,B_size,random,40,3,0.07,5,120,325,SAT,0.002678,0.000943,0,1,0,10,cnfs/B_size_random_n40_k3_d0p07_s5.cnf
B_size_random_n40_k3_d0p07_s6,B_size,random,40,3,0.07,6,120,325,SAT,0.002662,0.000921,0,1,0,10,cnfs/B_size_random_n40_k3_d0p07_s6.cnf
B_size_random_n40_k3_d0p07_s7,B_size,random,40,3,0.07,7,120,325,SAT,0.002639,0.000943,0,4,9,10,cnfs/B_size_random_n40_k3_d0p07_s7.cnf
B_size_random_n40_k3_d0p07_s8,B_size,random,40,3,0.07,8,120,325,SAT,0.003792,0.001145,0,1,0,10,cnfs/B_size_random_n40_k3_d0p07_s8.cnf
B_size_random_n40_k3_d0p07_s9,B_size,random,40,3,0.07,9,120,325,SAT,0.003115,0.001025,0,1,0,10,cnfs/B_size_random_n40_k3_d0p07_s9.cnf
B_size_random_n60_k3_d0p07_s1,B_size,random,60,3,0.07,1,180,612,SAT,0.003230,0.001311,4,25,142,10,cnfs/B_size_random_n60_k3_d0p07_s1.cnf
B_size_random_n60_k3_d0p07_s10,B_size,random,60,3,0.07,10,180,612,UNSAT,0.003064,0.001274,37,40,923,20,cnfs/B_size_random_n60_k3_d0p07_s10.cnf
B_size_random_n60_k3_d0p07_s11,B_size,random,60,3,0.07,11,180,612,UNSAT,0.002946,0.001212,10,14,76,20,cnfs/B_size_random_n60_k3_d0p07_s11.cnf
B_size_random_n60_k3_d0p07_s12,B_size,random,60,3,0.07,12,180,612,UNSAT,0.003512,0.001259,15,19,192,20,cnfs/B_size_random_n60_k3_d0p07_s12.cnf
B_size_random_n60_k3_d0p07_s13,B_size,random,60,3,0.07,13,180,612,UNSAT,0.004530,0.001335,42,43,921,20,cnfs/B_size_random_n60_k3_d0p07_s13.cnf
B_size_random_n60_k3_d0p07_s14,B_size,random,60,3,0.07,14,180,612,UNSAT,0.003271,0.001313,24,34,569,20,cnfs/B_size_random_n60_k3_d0p07_s14.cnf
B_size_random_n60_k3_d0p07_s15,B_size,random,60,3,0.07,15,180,612,UNSAT,0.003152,0.00125,29,29,630,20,cnfs/B_size_random_n60_k3_d0p07_s15.cnf
B_size_random_n60_k3_d0p07_s16,B_size,random,60,3,0.07,16,180,612,UNSAT,0.003314,0.001376,56,58,1423,20,cnfs/B_size_random_n60_k3_d0p07_s16.cnf
B_size_random_n60_k3_d0p07_s17,B_size,random,60,3,0.07,17,180,612,SAT,0.003192,0.00122,0,20,82,10,cnfs/B_size_random_n60_k3_d0p07_s17.cnf
B_size_random_n60_k3_d0p07_s18,B_size,random,60,3,0.07,18,180,612,UNSAT,0.003130,0.001227,19,21,394,20,cnfs/B_size_random_n60_k3_d0p07_s18.cnf
B_size_random_n60_k3_d0p07_s19,B_size,random,60,3,0.07,19,180,612,SAT,0.003314,0.001312,2,12,99,10,cnfs/B_size_random_n60_k3_d0p07_s19.cnf
B_size_random_n60_k3_d0p07_s2,B_size,random,60,3,0.07,2,180,612,UNSAT,0.003035,0.001205,12,19,154,20,cnfs/B_size_random_n60_k3_d0p07_s2.cnf
B_size_random_n60_k3_d0p07_s20,B_size,random,60,3,0.07,20,180,612,SAT,0.003145,0.001267,9,34,303,10,cnfs/B_size_random_n60_k3_d0p07_s20.cnf
B_size_random_n60_k3_d0p07_s21,B_size,random,60,3,0.07,21,180,612,SAT,0.003315,0.001221,6,16,283,10,cnfs/B_size_random_n60_k3_d0p07_s21.cnf
B_size_random_n60_k3_d0p07_s22,B_size,random,60,3,0.07,22,180,612,SAT,0.003017,0.00119,2,22,99,10,cnfs/B_size_random_n60_k3_d0p07_s22.cnf
B_size_random_n60_k3_d0p07_s23,B_size,random,60,3,0.07,23,180,612,UNSAT,0.002989,0.001223,26,26,831,20,cnfs/B_size_random_n60_k3_d0p07_s23.cnf
B_size_random_n60_k3_d0p07_s24,B_size,random,60,3,0.07,24,180,612,SAT,0.002992,0.001161,3,17,156,10,cnfs/B_size_random_n60_k3_d0p07_s24.cnf
B_size_random_n60_k3_d0p07_s25,B_size,random,60,3,0.07,25,180,612,UNSAT,0.003102,0.001264,45,45,1262,20,cnfs/B_size_random_n60_k3_d0p07_s25.cnf
B_size_random_n60_k3_d0p07_s26,B_size,random,60,3,0.07,26,180,612,SAT,0.003309,0.001269,0,11,66,10,cnfs/B_size_random_n60_k3_d0p07_s26.cnf
B_size_random_n60_k3_d0p07_s27,B_size,random,60,3,0.07,27,180,612,SAT,0.003056,0.001251,16,30,485,10,cnfs/B_size_random_n60_k3_d0p07_s27.cnf
B_size_random_n60_k3_d0p07_s28,B_size,random,60,3,0.07,28,180,612,SAT,0.003000,0.001213,1,13,95,10,cnfs/B_size_random_n60_k3_d0p07_s28.cnf
B_size_random_n60_k3_d0p07_s29,B_size,random,60,3,0.07,29,180,612,UNSAT,0.003000,0.001281,34,37,968,20,cnfs/B_size_random_n60_k3_d0p07_s29.cnf
B_size_random_n60_k3_d0p07_s3,B_size,random,60,3,0.07,3,180,612,SAT,0.003078,0.001232,0,18,75,10,cnfs/B_size_random_n60_k3_d0p07_s3.cnf
B_size_random_n60_k3_d0p07_s30,B_size,random,60,3,0.07,30,180,612,UNSAT,0.003366,0.001308,13,15,133,20,cnfs/B_size_random_n60_k3_d0p07_s30.cnf
B_size_random_n60_k3_d0p07_s31,B_size,random,60,3,0.07,31,180,612,SAT,0.003133,0.001288,11,21,268,10,cnfs/B_size_random_n60_k3_d0p07_s31.cnf
B_size_random_n60_k3_d0p07_s32,B_size,random,60,3,0.07,32,180,612,SAT,0.002979,0.001168,4,17,145,10,cnfs/B_size_random_n60_k3_d0p07_s32.cnf
B_size_random_n60_k3_d0p07_s33,B_size,random,60,3,0.07,33,180,612,SAT,0.002988,0.001206,0,14,72,10,cnfs/B_size_random_n60_k3_d0p07_s33.cnf
B_size_random_n60_k3_d0p07_s34,B_size,random,60,3,0.07,34,180,612,SAT,0.003366,0.001319,1,16,77,10,cnfs/B_size_random_n60_k3_d0p07_s34.cnf
B_size_random_n60_k3_d0p07_s35,B_size,random,60,3,0.07,35,180,612,UNSAT,0.003825,0.001412,24,26,354,20,cnfs/B_size_random_n60_k3_d0p07_s35.cnf
B_size_random_n60_k3_d0p07_s36,B_size,random,60,3,0.07,36,180,612,SAT,0.003405,0.00131,5,17,171,10,cnfs/B_size_random_n60_k3_d0p07_s36.cnf
B_size_random_n60_k3_d0p07_s37,B_size,random,60,3,0.07,37,180,612,SAT,0.003130,0.001227,3,17,140,10,cnfs/B_size_random_n60_k3_d0p07_s37.cnf
B_size_random_n60_k3_d0p07_s38,B_size,random,60,3,0.07,38,180,612,SAT,0.002898,0.001181,6,21,300,10,cnfs/B_size_random_n60_k3_d0p07_s38.cnf
B_size_random_n60_k3_d0p07_s39,B_size,random,60,3,0.07,39,180,612,SAT,0.003090,0.001344,10,25,260,10,cnfs/B_size_random_n60_k3_d0p07_s39.cnf
B_size_random_n60_k3_d0p07_s4,B_size,random,60,3,0.07,4,180,612,SAT,0.002973,0.001202,1,12,97,10,cnfs/B_size_random_n60_k3_d0p07_s4.cnf
B_size_random_n60_k3_d0p07_s40,B_size,random,60,3,0.07,40,180,612,UNSAT,0.003576,0.001321,6,10,58,20,cnfs/B_size_random_n60_k3_d0p07_s40.cnf
B_size_random_n60_k3_d0p07_s5,B_size,random,60,3,0.07,5,180,612,SAT,0.011852,0.001303,2,15,135,10,cnfs/B_size_random_n60_k3_d0p07_s5.cnf
B_size_random_n60_k3_d0p07_s6,B_size,random,60,3,0.07,6,180,612,UNSAT,0.003589,0.001373,30,30,996,20,cnfs/B_size_random_n60_k3_d0p07_s6.cnf
B_size_random_n60_k3_d0p07_s7,B_size,random,60,3,0.07,7,180,612,UNSAT,0.003217,0.001355,53,58,1400,20,cnfs/B_size_random_n60_k3_d0p07_s7.cnf
B_size_random_n60_k3_d0p07_s8,B_size,random,60,3,0.07,8,180,612,UNSAT,0.003096,0.001235,15,21,366,20,cnfs/B_size_random_n60_k3_d0p07_s8.cnf
B_size_random_n60_k3_d0p07_s9,B_size,random,60,3,0.07,9,180,612,UNSAT,0.003695,0.001362,28,30,739,20,cnfs/B_size_random_n60_k3_d0p07_s9.cnf
B_size_random_n80_k3_d0p07_s1,B_size,random,80,3,0.07,1,240,983,UNSAT,0.003428,0.001401,6,12,91,20,cnfs/B_size_random_n80_k3_d0p07_s1.cnf
B_size_random_n80_k3_d0p07_s10,B_size,random,80,3,0.07,10,240,983,UNSAT,0.003551,0.00144,6,12,65,20,cnfs/B_size_random_n80_k3_d0p07_s10.cnf
B_size_random_n80_k3_d0p07_s11,B_size,random,80,3,0.07,11,240,983,UNSAT,0.003192,0.001352,17,21,243,20,cnfs/B_size_random_n80_k3_d0p07_s11.cnf
B_size_random_n80_k3_d0p07_s12,B_size,random,80,3,0.07,12,240,983,UNSAT,0.003788,0.001477,24,33,982,20,cnfs/B_size_random_n80_k3_d0p07_s12.cnf
B_size_random_n80_k3_d0p07_s13,B_size,random,80,3,0.07,13,240,983,UNSAT,0.003658,0.001519,36,38,1381,20,cnfs/B_size_random_n80_k3_d0p07_s13.cnf
B_size_random_n80_k3_d0p07_s14,B_size,random,80,3,0.07,14,240,983,UNSAT,0.003323,0.001468,49,53,1651,20,cnfs/B_size_random_n80_k3_d0p07_s14.cnf
B_size_random_n80_k3_d0p07_s15,B_size,random,80,3,0.07,15,240,983,UNSAT,0.003389,0.001435,36,37,1535,20,cnfs/B_size_random_n80_k3_d0p07_s15.cnf
B_size_random_n80_k3_d0p07_s16,B_size,random,80,3,0.07,16,240,983,UNSAT,0.003264,0.001402,7,9,77,20,cnfs/B_size_random_n80_k3_d0p07_s16.cnf
B_size_random_n80_k3_d0p07_s17,B_size,random,80,3,0.07,17,240,983,UNSAT,0.003730,0.001422,18,21,259,20,cnfs/B_size_random_n80_k3_d0p07_s17.cnf
B_size_random_n80_k3_d0p07_s18,B_size,random,80,3,0.07,18,240,983,UNSAT,0.003528,0.001446,11,15,397,20,cnfs/B_size_random_n80_k3_d0p07_s18.cnf
B_size_random_n80_k3_d0p07_s19,B_size,random,80,3,0.07,19,240,983,UNSAT,0.003696,0.001376,24,33,879,20,cnfs/B_size_random_n80_k3_d0p07_s19.cnf
B_size_random_n80_k3_d0p07_s2,B_size,random,80,3,0.07,2,240,983,UNSAT,0.003149,0.001381,24,27,1170,20,cnfs/B_size_random_n80_k3_d0p07_s2.cnf
B_size_random_n80_k3_d0p07_s20,B_size,random,80,3,0.07,20,240,983,UNSAT,0.003416,0.001501,46,53,1652,20,cnfs/B_size_random_n80_k3_d0p07_s20.cnf
B_size_random_n80_k3_d0p07_s21,B_size,random,80,3,0.07,21,240,983,UNSAT,0.003393,0.001434,22,26,658,20,cnfs/B_size_random_n80_k3_d0p07_s21.cnf
B_size_random_n80_k3_d0p07_s22,B_size,random,80,3,0.07,22,240,983,UNSAT,0.003013,0.00135,18,22,431,20,cnfs/B_size_random_n80_k3_d0p07_s22.cnf
B_size_random_n80_k3_d0p07_s23,B_size,random,80,3,0.07,23,240,983,UNSAT,0.003426,0.001497,36,46,1064,20,cnfs/B_size_random_n80_k3_d0p07_s23.cnf
B_size_random_n80_k3_d0p07_s24,B_size,random,80,3,0.07,24,240,983,UNSAT,0.003524,0.001436,43,51,1516,20,cnfs/B_size_random_n80_k3_d0p07_s24.cnf
B_size_random_n80_k3_d0p07_s25,B_size,random,80,3,0.07,25,240,983,UNSAT,0.003818,0.001411,24,24,515,20,cnfs/B_size_random_n80_k3_d0p07_s25.cnf
B_size_random_n80_k3_d0p07_s26,B_size,random,80,3,0.07,26,240,983,UNSAT,0.003298,0.001368,12,19,372,20,cnfs/B_size_random_n80_k3_d0p07_s26.cnf
B_size_random_n80_k3_d0p07_s27,B_size,random,80,3,0.07,27,240,983,UNSAT,0.003321,0.001409,28,32,1192,20,cnfs/B_size_random_n80_k3_d0p07_s27.cnf
B_size_random_n80_k3_d0p07_s28,B_size,random,80,3,0.07,28,240,983,UNSAT,0.003142,0.001388,25,30,902,20,cnfs/B_size_random_n80_k3_d0p07_s28.cnf
B_size_random_n80_k3_d0p07_s29,B_size,random,80,3,0.07,29,240,983,UNSAT,0.003255,0.001424,20,22,607,20,cnfs/B_size_random_n80_k3_d0p07_s29.cnf
B_size_random_n80_k3_d0p07_s3,B_size,random,80,3,0.07,3,240,983,UNSAT,0.003597,0.001458,20,24,802,20,cnfs/B_size_random_n80_k3_d0p07_s3.cnf
B_size_random_n80_k3_d0p07_s30,B_size,random,80,3,0.07,30,240,983,UNSAT,0.003300,0.001419,13,15,423,20,cnfs/B_size_random_n80_k3_d0p07_s30.cnf
B_size_random_n80_k3_d0p07_s31,B_size,random,80,3,0.07,31,240,983,UNSAT,0.003350,0.001455,30,34,1222,20,cnfs/B_size_random_n80_k3_d0p07_s31.cnf
B_size_random_n80_k3_d0p07_s32,B_size,random,80,3,0.07,32,240,983,UNSAT,0.003242,0.001387,19,20,476,20,cnfs/B_size_random_n80_k3_d0p07_s32.cnf
B_size_random_n80_k3_d0p07_s33,B_size,random,80,3,0.07,33,240,983,UNSAT,0.003389,0.001355,17,19,539,20,cnfs/B_size_random_n80_k3_d0p07_s33.cnf
B_size_random_n80_k3_d0p07_s34,B_size,random,80,3,0.07,34,240,983,UNSAT,0.004002,0.001703,39,39,1436,20,cnfs/B_size_random_n80_k3_d0p07_s34.cnf
B_size_random_n80_k3_d0p07_s35,B_size,random,80,3,0.07,35,240,983,UNSAT,0.003581,0.001542,49,50,2283,20,cnfs/B_size_random_n80_k3_d0p07_s35.cnf
B_size_random_n80_k3_d0p07_s36,B_size,random,80,3,0.07,36,240,983,UNSAT,0.003267,0.001415,10,18,168,20,cnfs/B_size_random_n80_k3_d0p07_s36.cnf
B_size_random_n80_k3_d0p07_s37,B_size,random,80,3,0.07,37,240,983,UNSAT,0.003317,0.001433,33,34,1253,20,cnfs/B_size_random_n80_k3_d0p07_s37.cnf
B_size_random_n80_k3_d0p07_s38,B_size,random,80,3,0.07,38,240,983,UNSAT,0.003423,0.001425,16,23,373,20,cnfs/B_size_random_n80_k3_d0p07_s38.cnf
B_size_random_n80_k3_d0p07_s39,B_size,random,80,3,0.07,39,240,983,UNSAT,0.003155,0.001375,30,31,975,20,cnfs/B_size_random_n80_k3_d0p07_s39.cnf
B_size_random_n80_k3_d0p07_s4,B_size,random,80,3,0.07,4,240,983,UNSAT,0.003187,0.001367,7,11,114,20,cnfs/B_size_random_n80_k3_d0p07_s4.cnf
B_size_random_n80_k3_d0p07_s40,B_size,random,80,3,0.07,40,240,983,UNSAT,0.003142,0.001311,22,24,548,20,cnfs/B_size_random_n80_k3_d0p07_s40.cnf
B_size_random_n80_k3_d0p07_s5,B_size,random,80,3,0.07,5,240,983,UNSAT,0.003586,0.00143,30,30,940,20,cnfs/B_size_random_n80_k3_d0p07_s5.cnf
B_size_random_n80_k3_d0p07_s6,B_size,random,80,3,0.07,6,240,983,UNSAT,0.003453,0.001459,38,37,1374,20,cnfs/B_size_random_n80_k3_d0p07_s6.cnf
B_size_random_n80_k3_d0p07_s7,B_size,random,80,3,0.07,7,240,983,UNSAT,0.003157,0.001348,17,22,473,20,cnfs/B_size_random_n80_k3_d0p07_s7.cnf
B_size_random_n80_k3_d0p07_s8,B_size,random,80,3,0.07,8,240,983,UNSAT,0.003133,0.001302,17,23,565,20,cnfs/B_size_random_n80_k3_d0p07_s8.cnf
B_size_random_n80_k3_d0p07_s9,B_size,random,80,3,0.07,9,240,983,UNSAT,0.003311,0.001386,17,18,470,20,cnfs/B_size_random_n80_k3_d0p07_s9.cnf
C_sat_unsat_clique_unsat_n60_k3_d0p07_s1,C_sat_unsat,clique_unsat,60,3,0.07,1,180,612,UNSAT,0.003392,0.001299,7,10,87,20,cnfs/C_sat_unsat_clique_unsat_n60_k3_d0p07_s1.cnf
C_sat_unsat_clique_unsat_n60_k3_d0p07_s10,C_sat_unsat,clique_unsat,60,3,0.07,10,180,612,UNSAT,0.003070,0.001195,6,14,77,20,cnfs/C_sat_unsat_clique_unsat_n60_k3_d0p07_s10.cnf
C_sat_unsat_clique_unsat_n60_k3_d0p07_s11,C_sat_unsat,clique_unsat,60,3,0.07,11,180,612,UNSAT,0.002996,0.00119,9,12,95,20,cnfs/C_sat_unsat_clique_unsat_n60_k3_d0p07_s11.cnf
C_sat_unsat_clique_unsat_n60_k3_d0p07_s12,C_sat_unsat,clique_unsat,60,3,0.07,12,180,612,UNSAT,0.003052,0.001205,13,14,128,20,cnfs/C_sat_unsat_clique_unsat_n60_k3_d0p07_s12.cnf
C_sat_unsat_clique_unsat_n60_k3_d0p07_s13,C_sat_unsat,clique_unsat,60,3,0.07,13,180,612,UNSAT,0.002970,0.001161,6,11,75,20,cnfs/C_sat_unsat_clique_unsat_n60_k3_d0p07_s13.cnf
C_sat_unsat_clique_unsat_n60_k3_d0p07_s14,C_sat_unsat,clique_unsat,60,3,0.07,14,180,612,UNSAT,0.003237,0.001249,10,12,137,20,cnfs/C_sat_unsat_clique_unsat_n60_k3_d0p07_s14.cnf
C_sat_unsat_clique_unsat_n60_k3_d0p07_s15,C_sat_unsat,clique_unsat,60,3,0.07,15,180,612,UNSAT,0.003111,0.001222,8,19,99,20,cnfs/C_sat_unsat_clique_unsat_n60_k3_d0p07_s15.cnf
C_sat_unsat_clique_unsat_n60_k3_d0p07_s16,C_sat_unsat,clique_unsat,60,3,0.07,16,180,612,UNSAT,0.003292,0.001202,6,14,71,20,cnfs/C_sat_unsat_clique_unsat_n60_k3_d0p07_s16.cnf
C_sat_unsat_clique_unsat_n60_k3_d0p07_s17,C_sat_unsat,clique_unsat,60,3,0.07,17,180,612,UNSAT,0.007675,0.001267,6,11,56,20,cnfs/C_sat_unsat_clique_unsat_n60_k3_d0p07_s17.cnf
C_sat_unsat_clique_unsat_n60_k3_d0p07_s18,C_sat_unsat,clique_unsat,60,3,0.07,18,180,612,UNSAT,0.003393,0.001263,9,16,129,20,cnfs/C_sat_unsat_clique_unsat_n60_k3_d0p07_s18.cnf
C_sat_unsat_clique_unsat_n60_k3_d0p07_s19,C_sat_unsat,clique_unsat,60,3,0.07,19,180,612,UNSAT,0.003189,0.001322,7,15,81,20,cnfs/C_sat_unsat_clique_unsat_n60_k3_d0p07_s19.cnf
C_sat_unsat_clique_unsat_n60_k3_d0p07_s2,C_sat_unsat,clique_unsat,60,3,0.07,2,180,612,UNSAT,0.003170,0.001257,17,19,171,20,cnfs/C_sat_unsat_clique_unsat_n60_k3_d0p07_s2.cnf
C_sat_unsat_clique_unsat_n60_k3_d0p07_s20,C_sat_unsat,clique_unsat,60,3,0.07,20,180,612,UNSAT,0.003346,0.001273,15,17,201,20,cnfs/C_sat_unsat_clique_unsat_n60_k3_d0p07_s20.cnf
C_sat_unsat_clique_unsat_n60_k3_d0p07_s21,C_sat_unsat,clique_unsat,60,3,0.07,21,180,612,UNSAT,0.002967,0.001233,10,17,110,20,cnfs/C_sat_unsat_clique_unsat_n60_k3_d0p07_s21.cnf
C_sat_unsat_clique_unsat_n60_k3_d0p07_s22,C_sat_unsat,clique_unsat,60,3,0.07,22,180,612,UNSAT,0.003039,0.001219,11,13,110,20,cnfs/C_sat_unsat_clique_unsat_n60_k3_d0p07_s22.cnf
C_sat_unsat_clique_unsat_n60_k3_d0p07_s23,C_sat_unsat,clique_unsat,60,3,0.07,23,180,612,UNSAT,0.003107,0.001261,10,12,112,20,cnfs/C_sat_unsat_clique_unsat_n60_k3_d0p07_s23.cnf
C_sat_unsat_clique_unsat_n60_k3_d0p07_s24,C_sat_unsat,clique_unsat,60,3,0.07,24,180,612,UNSAT,0.003003,0.001267,26,37,501,20,cnfs/C_sat_unsat_clique_unsat_n60_k3_d0p07_s24.cnf
C_sat_unsat_clique_unsat_n60_k3_d0p07_s25,C_sat_unsat,clique_unsat,60,3,0.07,25,180,612,UNSAT,0.003195,0.001267,9,14,93,20,cnfs/C_sat_unsat_clique_unsat_n60_k3_d0p07_s25.cnf
C_sat_unsat_clique_unsat_n60_k3_d0p07_s26,C_sat_unsat,clique_unsat,60,3,0.07,26,180,612,UNSAT,0.003152,0.001268,9,10,80,20,cnfs/C_sat_unsat_clique_unsat_n60_k3_d0p07_s26.cnf
C_sat_unsat_clique_unsat_n60_k3_d0p07_s27,C_sat_unsat,clique_unsat,60,3,0.07,27,180,612,UNSAT,0.003226,0.001285,7,11,101,20,cnfs/C_sat_unsat_clique_unsat_n60_k3_d0p07_s27.cnf
C_sat_unsat_clique_unsat_n60_k3_d0p07_s28,C_sat_unsat,clique_unsat,60,3,0.07,28,180,612,UNSAT,0.003067,0.00127,10,13,142,20,cnfs/C_sat_unsat_clique_unsat_n60_k3_d0p07_s28.cnf
C_sat_unsat_clique_unsat_n60_k3_d0p07_s29,C_sat_unsat,clique_unsat,60,3,0.07,29,180,612,UNSAT,0.002898,0.001175,26,27,673,20,cnfs/C_sat_unsat_clique_unsat_n60_k3_d0p07_s29.cnf
C_sat_unsat_clique_unsat_n60_k3_d0p07_s3,C_sat_unsat,clique_unsat,60,3,0.07,3,180,612,UNSAT,0.003260,0.001219,9,14,84,20,cnfs/C_sat_unsat_clique_unsat_n60_k3_d0p07_s3.cnf
C_sat_unsat_clique_unsat_n60_k3_d0p07_s30,C_sat_unsat,clique_unsat,60,3,0.07,30,180,612,UNSAT,0.003036,0.001181,0,0,2,20,cnfs/C_sat_unsat_clique_unsat_n60_k3_d0p07_s30.cnf
C_sat_unsat_clique_unsat_n60_k3_d0p07_s31,C_sat_unsat,clique_unsat,60,3,0.07,31,180,612,UNSAT,0.003051,0.00122,12,17,188,20,cnfs/C_sat_unsat_clique_unsat_n60_k3_d0p07_s31.cnf
C_sat_unsat_clique_unsat_n60_k3_d0p07_s32,C_sat_unsat,clique_unsat,60,3,0.07,32,180,612,UNSAT,0.003164,0.001256,11,15,197,20,cnfs/C_sat_unsat_clique_unsat_n60_k3_d0p07_s32.cnf
C_sat_unsat_clique_unsat_n60_k3_d0p07_s33,C_sat_unsat,clique_unsat,60,3,0.07,33,180,612,UNSAT,0.002972,0.001168,6,8,64,20,cnfs/C_sat_unsat_clique_unsat_n60_k3_d0p07_s33.cnf
C_sat_unsat_clique_unsat_n60_k3_d0p07_s34,C_sat_unsat,clique_unsat,60,3,0.07,34,180,612,UNSAT,0.003705,0.001401,10,10,75,20,cnfs/C_sat_unsat_clique_unsat_n60_k3_d0p07_s34.cnf
C_sat_unsat_clique_unsat_n60_k3_d0p07_s35,C_sat_unsat,clique_unsat,60,3,0.07,35,180,612,UNSAT,0.003340,0.001308,10,14,106,20,cnfs/C_sat_unsat_clique_unsat_n60_k3_d0p07_s35.cnf
C_sat_unsat_clique_unsat_n60_k3_d0p07_s36,C_sat_unsat,clique_unsat,60,3,0.07,36,180,612,UNSAT,0.003025,0.00121,8,17,95,20,cnfs/C_sat_unsat_clique_unsat_n60_k3_d0p07_s36.cnf
C_sat_unsat_clique_unsat_n60_k3_d0p07_s37,C_sat_unsat,clique_unsat,60,3,0.07,37,180,612,UNSAT,0.003023,0.00125,9,14,94,20,cnfs/C_sat_unsat_clique_unsat_n60_k3_d0p07_s37.cnf
C_sat_unsat_clique_unsat_n60_k3_d0p07_s38,C_sat_unsat,clique_unsat,60,3,0.07,38,180,612,UNSAT,0.003192,0.001235,11,18,132,20,cnfs/C_sat_unsat_clique_unsat_n60_k3_d0p07_s38.cnf
C_sat_unsat_clique_unsat_n60_k3_d0p07_s39,C_sat_unsat,clique_unsat,60,3,0.07,39,180,612,UNSAT,0.003445,0.001303,13,18,193,20,cnfs/C_sat_unsat_clique_unsat_n60_k3_d0p07_s39.cnf
C_sat_unsat_clique_unsat_n60_k3_d0p07_s4,C_sat_unsat,clique_unsat,60,3,0.07,4,180,612,UNSAT,0.003144,0.001271,10,17,150,20,cnfs/C_sat_unsat_clique_unsat_n60_k3_d0p07_s4.cnf
C_sat_unsat_clique_unsat_n60_k3_d0p07_s40,C_sat_unsat,clique_unsat,60,3,0.07,40,180,612,UNSAT,0.003070,0.001212,9,19,130,20,cnfs/C_sat_unsat_clique_unsat_n60_k3_d0p07_s40.cnf
C_sat_unsat_clique_unsat_n60_k3_d0p07_s5,C_sat_unsat,clique_unsat,60,3,0.07,5,180,612,UNSAT,0.003040,0.001177,10,17,147,20,cnfs/C_sat_unsat_clique_unsat_n60_k3_d0p07_s5.cnf
C_sat_unsat_clique_unsat_n60_k3_d0p07_s6,C_sat_unsat,clique_unsat,60,3,0.07,6,180,612,UNSAT,0.003808,0.001343,24,30,437,20,cnfs/C_sat_unsat_clique_unsat_n60_k3_d0p07_s6.cnf
C_sat_unsat_clique_unsat_n60_k3_d0p07_s7,C_sat_unsat,clique_unsat,60,3,0.07,7,180,612,UNSAT,0.003363,0.001273,6,10,77,20,cnfs/C_sat_unsat_clique_unsat_n60_k3_d0p07_s7.cnf
C_sat_unsat_clique_unsat_n60_k3_d0p07_s8,C_sat_unsat,clique_unsat,60,3,0.07,8,180,612,UNSAT,0.003109,0.001208,7,11,66,20,cnfs/C_sat_unsat_clique_unsat_n60_k3_d0p07_s8.cnf
C_sat_unsat_clique_unsat_n60_k3_d0p07_s9,C_sat_unsat,clique_unsat,60,3,0.07,9,180,612,UNSAT,0.003071,0.001204,11,11,75,20,cnfs/C_sat_unsat_clique_unsat_n60_k3_d0p07_s9.cnf
C_sat_unsat_planted_sat_n60_k3_d0p07_s1,C_sat_unsat,planted_sat,60,3,0.07,1,180,612,SAT,0.003177,0.00122,0,15,69,10,cnfs/C_sat_unsat_planted_sat_n60_k3_d0p07_s1.cnf
C_sat_unsat_planted_sat_n60_k3_d0p07_s10,C_sat_unsat,planted_sat,60,3,0.07,10,180,612,SAT,0.003929,0.00136,2,14,134,10,cnfs/C_sat_unsat_planted_sat_n60_k3_d0p07_s10.cnf
C_sat_unsat_planted_sat_n60_k3_d0p07_s11,C_sat_unsat,planted_sat,60,3,0.07,11,180,612,SAT,0.003551,0.001321,0,11,71,10,cnfs/C_sat_unsat_planted_sat_n60_k3_d0p07_s11.cnf
C_sat_unsat_planted_sat_n60_k3_d0p07_s12,C_sat_unsat,planted_sat,60,3,0.07,12,180,612,SAT,0.003000,0.001156,0,12,80,10,cnfs/C_sat_unsat_planted_sat_n60_k3_d0p07_s12.cnf
C_sat_unsat_planted_sat_n60_k3_d0p07_s13,C_sat_unsat,planted_sat,60,3,0.07,13,180,612,SAT,0.003065,0.001264,2,16,109,10,cnfs/C_sat_unsat_planted_sat_n60_k3_d0p07_s13.cnf
C_sat_unsat_planted_sat_n60_k3_d0p07_s14,C_sat_unsat,planted_sat,60,3,0.07,14,180,612,SAT,0.003035,0.001171,1,22,89,10,cnfs/C_sat_unsat_planted_sat_n60_k3_d0p07_s14.cnf
C_sat_unsat_planted_sat_n60_k3_d0p07_s15,C_sat_unsat,planted_sat,60,3,0.07,15,180,612,SAT,0.003238,0.001209,0,17,82,10,cnfs/C_sat_unsat_planted_sat_n60_k3_d0p07_s15.cnf
C_sat_unsat_planted_sat_n60_k3_d0p07_s16,C_sat_unsat,planted_sat,60,3,0.07,16,180,612,SAT,0.003144,0.001234,7,18,202,10,cnfs/C_sat_unsat_planted_sat_n60_k3_d0p07_s16.cnf
C_sat_unsat_planted_sat_n60_k3_d0p07_s17,C_sat_unsat,planted_sat,60,3,0.07,17,180,612,SAT,0.003035,0.001153,1,14,78,10,cnfs/C_sat_unsat_planted_sat_n60_k3_d0p07_s17.cnf
C_sat_unsat_planted_sat_n60_k3_d0p07_s18,C_sat_unsat,planted_sat,60,3,0.07,18,180,612,SAT,0.002884,0.001142,3,17,120,10,cnfs/C_sat_unsat_planted_sat_n60_k3_d0p07_s18.cnf
C_sat_unsat_planted_sat_n60_k3_d0p07_s19,C_sat_unsat,planted_sat,60,3,0.07,19,180,612,SAT,0.003013,0.001202,4,25,127,10,cnfs/C_sat_unsat_planted_sat_n60_k3_d0p07_s19.cnf
C_sat_unsat_planted_sat_n60_k3_d0p07_s2,C_sat_unsat,planted_sat,60,3,0.07,2,180,612,SAT,0.003398,0.00125,5,25,167,10,cnfs/C_sat_unsat_planted_sat_n60_k3_d0p07_s2.cnf
C_sat_unsat_planted_sat_n60_k3_d0p07_s20,C_sat_unsat,planted_sat,60,3,0.07,20,180,612,SAT,0.003206,0.001229,1,20,111,10,cnfs/C_sat_unsat_planted_sat_n60_k3_d0p07_s20.cnf
C_sat_unsat_planted_sat_n60_k3_d0p07_s21,C_sat_unsat,planted_sat,60,3,0.07,21,180,612,SAT,0.002980,0.001196,2,24,125,10,cnfs/C_sat_unsat_planted_sat_n60_k3_d0p07_s21.cnf
C_sat_unsat_planted_sat_n60_k3_d0p07_s22,C_sat_unsat,planted_sat,60,3,0.07,22,180,612,SAT,0.002978,0.001201,0,11,77,10,cnfs/C_sat_unsat_planted_sat_n60_k3_d0p07_s22.cnf
C_sat_unsat_planted_sat_n60_k3_d0p07_s23,C_sat_unsat,planted_sat,60,3,0.07,23,180,612,SAT,0.003003,0.001163,0,14,66,10,cnfs/C_sat_unsat_planted_sat_n60_k3_d0p07_s23.cnf
C_sat_unsat_planted_sat_n60_k3_d0p07_s24,C_sat_unsat,planted_sat,60,3,0.07,24,180,612,SAT,0.003472,0.001278,1,12,116,10,cnfs/C_sat_unsat_planted_sat_n60_k3_d0p07_s24.cnf
C_sat_unsat_planted_sat_n60_k3_d0p07_s25,C_sat_unsat,planted_sat,60,3,0.07,25,180,612,SAT,0.003025,0.001191,1,18,83,10,cnfs/C_sat_unsat_planted_sat_n60_k3_d0p07_s25.cnf
C_sat_unsat_planted_sat_n60_k3_d0p07_s26,C_sat_unsat,planted_sat,60,3,0.07,26,180,612,SAT,0.003079,0.001229,2,14,128,10,cnfs/C_sat_unsat_planted_sat_n60_k3_d0p07_s26.cnf
C_sat_unsat_planted_sat_n60_k3_d0p07_s27,C_sat_unsat,planted_sat,60,3,0.07,27,180,612,SAT,0.003004,0.001189,1,16,82,10,cnfs/C_sat_unsat_planted_sat_n60_k3_d0p07_s27.cnf
C_sat_unsat_planted_sat_n60_k3_d0p07_s28,C_sat_unsat,planted_sat,60,3,0.07,28,180,612,SAT,0.003003,0.00118,1,18,99,10,cnfs/C_sat_unsat_planted_sat_n60_k3_d0p07_s28.cnf
C_sat_unsat_planted_sat_n60_k3_d0p07_s29,C_sat_unsat,planted_sat,60,3,0.07,29,180,612,SAT,0.003243,0.001231,0,14,73,10,cnfs/C_sat_unsat_planted_sat_n60_k3_d0p07_s29.cnf
C_sat_unsat_planted_sat_n60_k3_d0p07_s3,C_sat_unsat,planted_sat,60,3,0.07,3,180,612,SAT,0.003039,0.001219,0,17,74,10,cnfs/C_sat_unsat_planted_sat_n60_k3_d0p07_s3.cnf
C_sat_unsat_planted_sat_n60_k3_d0p07_s30,C_sat_unsat,planted_sat,60,3,0.07,30,180,612,SAT,0.002941,0.001105,0,13,84,10,cnfs/C_sat_unsat_planted_sat_n60_k3_d0p07_s30.cnf
C_sat_unsat_planted_sat_n60_k3_d0p07_s31,C_sat_unsat,planted_sat,60,3,0.07,31,180,612,SAT,0.006500,0.001222,17,27,503,10,cnfs/C_sat_unsat_planted_sat_n60_k3_d0p07_s31.cnf
C_sat_unsat_planted_sat_n60_k3_d0p07_s32,C_sat_unsat,planted_sat,60,3,0.07,32,180,612,SAT,0.003366,0.001331,6,21,196,10,cnfs/C_sat_unsat_planted_sat_n60_k3_d0p07_s32.cnf
C_sat_unsat_planted_sat_n60_k3_d0p07_s33,C_sat_unsat,planted_sat,60,3,0.07,33,180,612,SAT,0.003082,0.001191,1,23,117,10,cnfs/C_sat_unsat_planted_sat_n60_k3_d0p07_s33.cnf
C_sat_unsat_planted_sat_n60_k3_d0p07_s34,C_sat_unsat,planted_sat,60,3,0.07,34,180,612,SAT,0.002973,0.001154,1,17,109,10,cnfs/C_sat_unsat_planted_sat_n60_k3_d0p07_s34.cnf
C_sat_unsat_planted_sat_n60_k3_d0p07_s35,C_sat_unsat,planted_sat,60,3,0.07,35,180,612,SAT,0.003033,0.001173,1,20,87,10,cnfs/C_sat_unsat_planted_sat_n60_k3_d0p07_s35.cnf
C_sat_unsat_planted_sat_n60_k3_d0p07_s36,C_sat_unsat,planted_sat,60,3,0.07,36,180,612,SAT,0.002998,0.001192,20,34,583,10,cnfs/C_sat_unsat_planted_sat_n60_k3_d0p07_s36.cnf
C_sat_unsat_planted_sat_n60_k3_d0p07_s37,C_sat_unsat,planted_sat,60,3,0.07,37,180,612,SAT,0.003230,0.001296,4,13,143,10,cnfs/C_sat_unsat_planted_sat_n60_k3_d0p07_s37.cnf
C_sat_unsat_planted_sat_n60_k3_d0p07_s38,C_sat_unsat,planted_sat,60,3,0.07,38,180,612,SAT,0.002978,0.001131,1,15,125,10,cnfs/C_sat_unsat_planted_sat_n60_k3_d0p07_s38.cnf
C_sat_unsat_planted_sat_n60_k3_d0p07_s39,C_sat_unsat,planted_sat,60,3,0.07,39,180,612,SAT,0.003176,0.001187,6,21,281,10,cnfs/C_sat_unsat_planted_sat_n60_k3_d0p07_s39.cnf
C_sat_unsat_planted_sat_n60_k3_d0p07_s4,C_sat_unsat,planted_sat,60,3,0.07,4,180,612,SAT,0.003257,0.001175,0,20,68,10,cnfs/C_sat_unsat_planted_sat_n60_k3_d0p07_s4.cnf
C_sat_unsat_planted_sat_n60_k3_d0p07_s40,C_sat_unsat,planted_sat,60,3,0.07,40,180,612,SAT,0.003022,0.001175,5,22,165,10,cnfs/C_sat_unsat_planted_sat_n60_k3_d0p07_s40.cnf
C_sat_unsat_planted_sat_n60_k3_d0p07_s5,C_sat_unsat,planted_sat,60,3,0.07,5,180,612,SAT,0.003223,0.001281,9,19,212,10,cnfs/C_sat_unsat_planted_sat_n60_k3_d0p07_s5.cnf
C_sat_unsat_planted_sat_n60_k3_d0p07_s6,C_sat_unsat,planted_sat,60,3,0.07,6,180,612,SAT,0.003153,0.001235,3,20,171,10,cnfs/C_sat_unsat_planted_sat_n60_k3_d0p07_s6.cnf
C_sat_unsat_planted_sat_n60_k3_d0p07_s7,C_sat_unsat,planted_sat,60,3,0.07,7,180,612,SAT,0.003215,0.001298,5,21,173,10,cnfs/C_sat_unsat_planted_sat_n60_k3_d0p07_s7.cnf
C_sat_unsat_planted_sat_n60_k3_d0p07_s8,C_sat_unsat,planted_sat,60,3,0.07,8,180,612,SAT,0.002920,0.001188,5,19,189,10,cnfs/C_sat_unsat_planted_sat_n60_k3_d0p07_s8.cnf
C_sat_unsat_planted_sat_n60_k3_d0p07_s9,C_sat_unsat,planted_sat,60,3,0.07,9,180,612,SAT,0.002793,0.001142,0,17,73,10,cnfs/C_sat_unsat_planted_sat_n60_k3_d0p07_s9.cnf
C_sat_unsat_random_n60_k3_d0p07_s1,C_sat_unsat,random,60,3,0.07,1,180,612,SAT,0.003746,0.001418,4,25,142,10,cnfs/C_sat_unsat_random_n60_k3_d0p07_s1.cnf
C_sat_unsat_random_n60_k3_d0p07_s10,C_sat_unsat,random,60,3,0.07,10,180,612,UNSAT,0.003275,0.001301,37,40,923,20,cnfs/C_sat_unsat_random_n60_k3_d0p07_s10.cnf
C_sat_unsat_random_n60_k3_d0p07_s11,C_sat_unsat,random,60,3,0.07,11,180,612,UNSAT,0.003040,0.001271,10,14,76,20,cnfs/C_sat_unsat_random_n60_k3_d0p07_s11.cnf
C_sat_unsat_random_n60_k3_d0p07_s12,C_sat_unsat,random,60,3,0.07,12,180,612,UNSAT,0.002862,0.001139,15,19,192,20,cnfs/C_sat_unsat_random_n60_k3_d0p07_s12.cnf
C_sat_unsat_random_n60_k3_d0p07_s13,C_sat_unsat,random,60,3,0.07,13,180,612,UNSAT,0.003043,0.001289,42,43,921,20,cnfs/C_sat_unsat_random_n60_k3_d0p07_s13.cnf
C_sat_unsat_random_n60_k3_d0p07_s14,C_sat_unsat,random,60,3,0.07,14,180,612,UNSAT,0.003019,0.001257,24,34,569,20,cnfs/C_sat_unsat_random_n60_k3_d0p07_s14.cnf
C_sat_unsat_random_n60_k3_d0p07_s15,C_sat_unsat,random,60,3,0.07,15,180,612,UNSAT,0.003000,0.001255,29,29,630,20,cnfs/C_sat_unsat_random_n60_k3_d0p07_s15.cnf
C_sat_unsat_random_n60_k3_d0p07_s16,C_sat_unsat,random,60,3,0.07,16,180,612,UNSAT,0.003080,0.001276,56,58,1423,20,cnfs/C_sat_unsat_random_n60_k3_d0p07_s16.cnf
C_sat_unsat_random_n60_k3_d0p07_s17,C_sat_unsat,random,60,3,0.07,17,180,612,SAT,0.002875,0.001164,0,20,82,10,cnfs/C_sat_unsat_random_n60_k3_d0p07_s17.cnf
C_sat_unsat_random_n60_k3_d0p07_s18,C_sat_unsat,random,60,3,0.07,18,180,612,UNSAT,0.002733,0.001129,19,21,394,20,cnfs/C_sat_unsat_random_n60_k3_d0p07_s18.cnf
C_sat_unsat_random_n60_k3_d0p07_s19,C_sat_unsat,random,60,3,0.07,19,180,612,SAT,0.003550,0.001319,2,12,99,10,cnfs/C_sat_unsat_random_n60_k3_d0p07_s19.cnf
C_sat_unsat_random_n60_k3_d0p07_s2,C_sat_unsat,random,60,3,0.07,2,180,612,UNSAT,0.003306,0.001293,12,19,154,20,cnfs/C_sat_unsat_random_n60_k3_d0p07_s2.cnf
C_sat_unsat_random_n60_k3_d0p07_s20,C_sat_unsat,random,60,3,0.07,20,180,612,SAT,0.003412,0.001325,9,34,303,10,cnfs/C_sat_unsat_random_n60_k3_d0p07_s20.cnf
C_sat_unsat_random_n60_k3_d0p07_s21,C_sat_unsat,random,60,3,0.07,21,180,612,SAT,0.002867,0.001171,6,16,283,10,cnfs/C_sat_unsat_random_n60_k3_d0p07_s21.cnf
C_sat_unsat_random_n60_k3_d0p07_s22,C_sat_unsat,random,60,3,0.07,22,180,612,SAT,0.002896,0.001194,2,22,99,10,cnfs/C_sat_unsat_random_n60_k3_d0p07_s22.cnf
C_sat_unsat_random_n60_k3_d0p07_s23,C_sat_unsat,random,60,3,0.07,23,180,612,UNSAT,0.003298,0.001327,26,26,831,20,cnfs/C_sat_unsat_random_n60_k3_d0p07_s23.cnf
C_sat_unsat_random_n60_k3_d0p07_s24,C_sat_unsat,random,60,3,0.07,24,180,612,SAT,0.002729,0.001151,3,17,156,10,cnfs/C_sat_unsat_random_n60_k3_d0p07_s24.cnf
C_sat_unsat_random_n60_k3_d0p07_s25,C_sat_unsat,random,60,3,0.07,25,180,612,UNSAT,0.002914,0.001211,45,45,1262,20,cnfs/C_sat_unsat_random_n60_k3_d0p07_s25.cnf
C_sat_unsat_random_n60_k3_d0p07_s26,C_sat_unsat,random,60,3,0.07,26,180,612,SAT,0.003002,0.001246,0,11,66,10,cnfs/C_sat_unsat_random_n60_k3_d0p07_s26.cnf
C_sat_unsat_random_n60_k3_d0p07_s27,C_sat_unsat,random,60,3,0.07,27,180,612,SAT,0.003034,0.001266,16,30,485,10,cnfs/C_sat_unsat_random_n60_k3_d0p07_s27.cnf
C_sat_unsat_random_n60_k3_d0p07_s28,C_sat_unsat,random,60,3,0.07,28,180,612,SAT,0.003124,0.00131,1,13,95,10,cnfs/C_sat_unsat_random_n60_k3_d0p07_s28.cnf
C_sat_unsat_random_n60_k3_d0p07_s29,C_sat_unsat,random,60,3,0.07,29,180,612,UNSAT,0.002976,0.001305,34,37,968,20,cnfs/C_sat_unsat_random_n60_k3_d0p07_s29.cnf
C_sat_unsat_random_n60_k3_d0p07_s3,C_sat_unsat,random,60,3,0.07,3,180,612,SAT,0.002876,0.001217,0,18,75,10,cnfs/C_sat_unsat_random_n60_k3_d0p07_s3.cnf
C_sat_unsat_random_n60_k3_d0p07_s30,C_sat_unsat,random,60,3,0.07,30,180,612,UNSAT,0.002952,0.001236,13,15,133,20,cnfs/C_sat_unsat_random_n60_k3_d0p07_s30.cnf
C_sat_unsat_random_n60_k3_d0p07_s31,C_sat_unsat,random,60,3,0.07,31,180,612,SAT,0.002906,0.001193,11,21,268,10,cnfs/C_sat_unsat_random_n60_k3_d0p07_s31.cnf
C_sat_unsat_random_n60_k3_d0p07_s32,C_sat_unsat,random,60,3,0.07,32,180,612,SAT,0.003049,0.001266,4,17,145,10,cnfs/C_sat_unsat_random_n60_k3_d0p07_s32.cnf
C_sat_unsat_random_n60_k3_d0p07_s33,C_sat_unsat,random,60,3,0.07,33,180,612,SAT,0.003178,0.001268,0,14,72,10,cnfs/C_sat_unsat_random_n60_k3_d0p07_s33.cnf
C_sat_unsat_random_n60_k3_d0p07_s34,C_sat_unsat,random,60,3,0.07,34,180,612,SAT,0.002932,0.001198,1,16,77,10,cnfs/C_sat_unsat_random_n60_k3_d0p07_s34.cnf
C_sat_unsat_random_n60_k3_d0p07_s35,C_sat_unsat,random,60,3,0.07,35,180,612,UNSAT,0.002980,0.001243,24,26,354,20,cnfs/C_sat_unsat_random_n60_k3_d0p07_s35.cnf
C_sat_unsat_random_n60_k3_d0p07_s36,C_sat_unsat,random,60,3,0.07,36,180,612,SAT,0.002781,0.001172,5,17,171,10,cnfs/C_sat_unsat_random_n60_k3_d0p07_s36.cnf
C_sat_unsat_random_n60_k3_d0p07_s37,C_sat_unsat,random,60,3,0.07,37,180,612,SAT,0.003027,0.001225,3,17,140,10,cnfs/C_sat_unsat_random_n60_k3_d0p07_s37.cnf
C_sat_unsat_random_n60_k3_d0p07_s38,C_sat_unsat,random,60,3,0.07,38,180,612,SAT,0.002941,0.001208,6,21,300,10,cnfs/C_sat_unsat_random_n60_k3_d0p07_s38.cnf
C_sat_unsat_random_n60_k3_d0p07_s39,C_sat_unsat,random,60,3,0.07,39,180,612,SAT,0.003055,0.001381,10,25,260,10,cnfs/C_sat_unsat_random_n60_k3_d0p07_s39.cnf
C_sat_unsat_random_n60_k3_d0p07_s4,C_sat_unsat,random,60,3,0.07,4,180,612,SAT,0.002890,0.001222,1,12,97,10,cnfs/C_sat_unsat_random_n60_k3_d0p07_s4.cnf
C_sat_unsat_random_n60_k3_d0p07_s40,C_sat_unsat,random,60,3,0.07,40,180,612,UNSAT,0.002791,0.001161,6,10,58,20,cnfs/C_sat_unsat_random_n60_k3_d0p07_s40.cnf
C_sat_unsat_random_n60_k3_d0p07_s5,C_sat_unsat,random,60,3,0.07,5,180,612,SAT,0.002847,0.001217,2,15,135,10,cnfs/C_sat_unsat_random_n60_k3_d0p07_s5.cnf
C_sat_unsat_random_n60_k3_d0p07_s6,C_sat_unsat,random,60,3,0.07,6,180,612,UNSAT,0.003433,0.00134,30,30,996,20,cnfs/C_sat_unsat_random_n60_k3_d0p07_s6.cnf
C_sat_unsat_random_n60_k3_d0p07_s7,C_sat_unsat,random,60,3,0.07,7,180,612,UNSAT,0.003075,0.001323,53,58,1400,20,cnfs/C_sat_unsat_random_n60_k3_d0p07_s7.cnf
C_sat_unsat_random_n60_k3_d0p07_s8,C_sat_unsat,random,60,3,0.07,8,180,612,UNSAT,0.002946,0.001213,15,21,366,20,cnfs/C_sat_unsat_random_n60_k3_d0p07_s8.cnf
C_sat_unsat_random_n60_k3_d0p07_s9,C_sat_unsat,random,60,3,0.07,9,180,612,UNSAT,0.002795,0.001182,28,30,739,20,cnfs/C_sat_unsat_random_n60_k3_d0p07_s9.cnf
D_colors_random_n60_k2_d0p07_s1,D_colors,random,60,2,0.07,1,120,368,UNSAT,0.002590,0.000874,0,0,1,20,cnfs/D_colors_random_n60_k2_d0p07_s1.cnf
D_colors_random_n60_k2_d0p07_s10,D_colors,random,60,2,0.07,10,120,368,UNSAT,0.002624,0.000902,0,0,1,20,cnfs/D_colors_random_n60_k2_d0p07_s10.cnf
D_colors_random_n60_k2_d0p07_s11,D_colors,random,60,2,0.07,11,120,368,UNSAT,0.002546,0.000881,0,0,1,20,cnfs/D_colors_random_n60_k2_d0p07_s11.cnf
D_colors_random_n60_k2_d0p07_s12,D_colors,random,60,2,0.07,12,120,368,UNSAT,0.002515,0.000847,0,0,2,20,cnfs/D_colors_random_n60_k2_d0p07_s12.cnf
D_colors_random_n60_k2_d0p07_s13,D_colors,random,60,2,0.07,13,120,368,UNSAT,0.002717,0.000916,0,0,1,20,cnfs/D_colors_random_n60_k2_d0p07_s13.cnf
D_colors_random_n60_k2_d0p07_s14,D_colors,random,60,2,0.07,14,120,368,UNSAT,0.004830,0.000978,0,0,1,20,cnfs/D_colors_random_n60_k2_d0p07_s14.cnf
D_colors_random_n60_k2_d0p07_s15,D_colors,random,60,2,0.07,15,120,368,UNSAT,0.002947,0.000972,0,0,2,20,cnfs/D_colors_random_n60_k2_d0p07_s15.cnf
D_colors_random_n60_k2_d0p07_s16,D_colors,random,60,2,0.07,16,120,368,UNSAT,0.002658,0.000873,0,0,2,20,cnfs/D_colors_random_n60_k2_d0p07_s16.cnf
D_colors_random_n60_k2_d0p07_s17,D_colors,random,60,2,0.07,17,120,368,UNSAT,0.002749,0.000952,2,1,10,20,cnfs/D_colors_random_n60_k2_d0p07_s17.cnf
D_colors_random_n60_k2_d0p07_s18,D_colors,random,60,2,0.07,18,120,368,UNSAT,0.002541,0.000857,0,0,1,20,cnfs/D_colors_random_n60_k2_d0p07_s18.cnf
D_colors_random_n60_k2_d0p07_s19,D_colors,random,60,2,0.07,19,120,368,UNSAT,0.002634,0.000892,0,0,2,20,cnfs/D_colors_random_n60_k2_d0p07_s19.cnf
D_colors_random_n60_k2_d0p07_s2,D_colors,random,60,2,0.07,2,120,368,UNSAT,0.002893,0.000977,0,0,1,20,cnfs/D_colors_random_n60_k2_d0p07_s2.cnf
D_colors_random_n60_k2_d0p07_s20,D_colors,random,60,2,0.07,20,120,368,UNSAT,0.002596,0.000882,0,0,1,20,cnfs/D_colors_random_n60_k2_d0p07_s20.cnf
D_colors_random_n60_k2_d0p07_s21,D_colors,random,60,2,0.07,21,120,368,UNSAT,0.002657,0.000886,0,0,1,20,cnfs/D_colors_random_n60_k2_d0p07_s21.cnf
D_colors_random_n60_k2_d0p07_s22,D_colors,random,60,2,0.07,22,120,368,UNSAT,0.006884,0.001821,0,0,1,20,cnfs/D_colors_random_n60_k2_d0p07_s22.cnf
D_colors_random_n60_k2_d0p07_s23,D_colors,random,60,2,0.07,23,120,368,UNSAT,0.013593,0.001267,0,0,2,20,cnfs/D_colors_random_n60_k2_d0p07_s23.cnf
D_colors_random_n60_k2_d0p07_s24,D_colors,random,60,2,0.07,24,120,368,UNSAT,0.007986,0.001887,0,0,2,20,cnfs/D_colors_random_n60_k2_d0p07_s24.cnf
D_colors_random_n60_k2_d0p07_s25,D_colors,random,60,2,0.07,25,120,368,UNSAT,0.009533,0.001043,0,0,2,20,cnfs/D_colors_random_n60_k2_d0p07_s25.cnf
D_colors_random_n60_k2_d0p07_s26,D_colors,random,60,2,0.07,26,120,368,UNSAT,0.005847,0.001156,2,1,5,20,cnfs/D_colors_random_n60_k2_d0p07_s26.cnf
D_colors_random_n60_k2_d0p07_s27,D_colors,random,60,2,0.07,27,120,368,UNSAT,0.003766,0.001011,0,0,2,20,cnfs/D_colors_random_n60_k2_d0p07_s27.cnf
D_colors_random_n60_k2_d0p07_s28,D_colors,random,60,2,0.07,28,120,368,UNSAT,0.003604,0.001121,0,0,1,20,cnfs/D_colors_random_n60_k2_d0p07_s28.cnf
D_colors_random_n60_k2_d0p07_s29,D_colors,random,60,2,0.07,29,120,368,UNSAT,0.007610,0.001112,2,1,7,20,cnfs/D_colors_random_n60_k2_d0p07_s29.cnf
D_colors_random_n60_k2_d0p07_s3,D_colors,random,60,2,0.07,3,120,368,UNSAT,0.005959,0.001022,0,0,2,20,cnfs/D_colors_random_n60_k2_d0p07_s3.cnf
D_colors_random_n60_k2_d0p07_s30,D_colors,random,60,2,0.07,30,120,368,UNSAT,0.002746,0.000865,0,0,2,20,cnfs/D_colors_random_n60_k2_d0p07_s30.cnf
D_colors_random_n60_k2_d0p07_s31,D_colors,random,60,2,0.07,31,120,368,UNSAT,0.002858,0.000994,0,0,1,20,cnfs/D_colors_random_n60_k2_d0p07_s31.cnf
D_colors_random_n60_k2_d0p07_s32,D_colors,random,60,2,0.07,32,120,368,UNSAT,0.002841,0.000915,0,0,2,20,cnfs/D_colors_random_n60_k2_d0p07_s32.cnf
D_colors_random_n60_k2_d0p07_s33,D_colors,random,60,2,0.07,33,120,368,UNSAT,0.002533,0.000823,0,0,2,20,cnfs/D_colors_random_n60_k2_d0p07_s33.cnf
D_colors_random_n60_k2_d0p07_s34,D_colors,random,60,2,0.07,34,120,368,UNSAT,0.002636,0.000836,0,0,2,20,cnfs/D_colors_random_n60_k2_d0p07_s34.cnf
D_colors_random_n60_k2_d0p07_s35,D_colors,random,60,2,0.07,35,120,368,UNSAT,0.002624,0.000864,0,0,1,20,cnfs/D_colors_random_n60_k2_d0p07_s35.cnf
D_colors_random_n60_k2_d0p07_s36,D_colors,random,60,2,0.07,36,120,368,UNSAT,0.002428,0.00086,0,0,1,20,cnfs/D_colors_random_n60_k2_d0p07_s36.cnf
D_colors_random_n60_k2_d0p07_s37,D_colors,random,60,2,0.07,37,120,368,UNSAT,0.002831,0.000954,0,0,1,20,cnfs/D_colors_random_n60_k2_d0p07_s37.cnf
D_colors_random_n60_k2_d0p07_s38,D_colors,random,60,2,0.07,38,120,368,UNSAT,0.002810,0.000905,0,0,1,20,cnfs/D_colors_random_n60_k2_d0p07_s38.cnf
D_colors_random_n60_k2_d0p07_s39,D_colors,random,60,2,0.07,39,120,368,UNSAT,0.002626,0.000927,2,1,8,20,cnfs/D_colors_random_n60_k2_d0p07_s39.cnf
D_colors_random_n60_k2_d0p07_s4,D_colors,random,60,2,0.07,4,120,368,UNSAT,0.002534,0.00082,0,0,2,20,cnfs/D_colors_random_n60_k2_d0p07_s4.cnf
D_colors_random_n60_k2_d0p07_s40,D_colors,random,60,2,0.07,40,120,368,UNSAT,0.002492,0.000847,0,0,1,20,cnfs/D_colors_random_n60_k2_d0p07_s40.cnf
D_colors_random_n60_k2_d0p07_s5,D_colors,random,60,2,0.07,5,120,368,UNSAT,0.002335,0.000782,0,0,2,20,cnfs/D_colors_random_n60_k2_d0p07_s5.cnf
D_colors_random_n60_k2_d0p07_s6,D_colors,random,60,2,0.07,6,120,368,UNSAT,0.002715,0.000906,0,0,1,20,cnfs/D_colors_random_n60_k2_d0p07_s6.cnf
D_colors_random_n60_k2_d0p07_s7,D_colors,random,60,2,0.07,7,120,368,UNSAT,0.002683,0.000896,0,0,2,20,cnfs/D_colors_random_n60_k2_d0p07_s7.cnf
D_colors_random_n60_k2_d0p07_s8,D_colors,random,60,2,0.07,8,120,368,UNSAT,0.002402,0.00079,0,0,2,20,cnfs/D_colors_random_n60_k2_d0p07_s8.cnf
D_colors_random_n60_k2_d0p07_s9,D_colors,random,60,2,0.07,9,120,368,UNSAT,0.002496,0.000801,0,0,2,20,cnfs/D_colors_random_n60_k2_d0p07_s9.cnf
D_colors_random_n60_k3_d0p07_s1,D_colors,random,60,3,0.07,1,180,612,SAT,0.002735,0.001135,4,25,142,10,cnfs/D_colors_random_n60_k3_d0p07_s1.cnf
D_colors_random_n60_k3_d0p07_s10,D_colors,random,60,3,0.07,10,180,612,UNSAT,0.002908,0.001281,37,40,923,20,cnfs/D_colors_random_n60_k3_d0p07_s10.cnf
D_colors_random_n60_k3_d0p07_s11,D_colors,random,60,3,0.07,11,180,612,UNSAT,0.002968,0.001264,10,14,76,20,cnfs/D_colors_random_n60_k3_d0p07_s11.cnf
D_colors_random_n60_k3_d0p07_s12,D_colors,random,60,3,0.07,12,180,612,UNSAT,0.002943,0.001167,15,19,192,20,cnfs/D_colors_random_n60_k3_d0p07_s12.cnf
D_colors_random_n60_k3_d0p07_s13,D_colors,random,60,3,0.07,13,180,612,UNSAT,0.002993,0.001254,42,43,921,20,cnfs/D_colors_random_n60_k3_d0p07_s13.cnf
D_colors_random_n60_k3_d0p07_s14,D_colors,random,60,3,0.07,14,180,612,UNSAT,0.003007,0.001192,24,34,569,20,cnfs/D_colors_random_n60_k3_d0p07_s14.cnf
D_colors_random_n60_k3_d0p07_s15,D_colors,random,60,3,0.07,15,180,612,UNSAT,0.002913,0.00117,29,29,630,20,cnfs/D_colors_random_n60_k3_d0p07_s15.cnf
D_colors_random_n60_k3_d0p07_s16,D_colors,random,60,3,0.07,16,180,612,UNSAT,0.003451,0.001401,56,58,1423,20,cnfs/D_colors_random_n60_k3_d0p07_s16.cnf
D_colors_random_n60_k3_d0p07_s17,D_colors,random,60,3,0.07,17,180,612,SAT,0.003156,0.001196,0,20,82,10,cnfs/D_colors_random_n60_k3_d0p07_s17.cnf
D_colors_random_n60_k3_d0p07_s18,D_colors,random,60,3,0.07,18,180,612,UNSAT,0.002916,0.001161,19,21,394,20,cnfs/D_colors_random_n60_k3_d0p07_s18.cnf
D_colors_random_n60_k3_d0p07_s19,D_colors,random,60,3,0.07,19,180,612,SAT,0.002996,0.001199,2,12,99,10,cnfs/D_colors_random_n60_k3_d0p07_s19.cnf
D_colors_random_n60_k3_d0p07_s2,D_colors,random,60,3,0.07,2,180,612,UNSAT,0.002926,0.001178,12,19,154,20,cnfs/D_colors_random_n60_k3_d0p07_s2.cnf
D_colors_random_n60_k3_d0p07_s20,D_colors,random,60,3,0.07,20,180,612,SAT,0.003266,0.00125,9,34,303,10,cnfs/D_colors_random_n60_k3_d0p07_s20.cnf
D_colors_random_n60_k3_d0p07_s21,D_colors,random,60,3,0.07,21,180,612,SAT,0.003112,0.001195,6,16,283,10,cnfs/D_colors_random_n60_k3_d0p07_s21.cnf
D_colors_random_n60_k3_d0p07_s22,D_colors,random,60,3,0.07,22,180,612,SAT,0.002972,0.00114,2,22,99,10,cnfs/D_colors_random_n60_k3_d0p07_s22.cnf
D_colors_random_n60_k3_d0p07_s23,D_colors,random,60,3,0.07,23,180,612,UNSAT,0.003223,0.001258,26,26,831,20,cnfs/D_colors_random_n60_k3_d0p07_s23.cnf
D_colors_random_n60_k3_d0p07_s24,D_colors,random,60,3,0.07,24,180,612,SAT,0.005088,0.00124,3,17,156,10,cnfs/D_colors_random_n60_k3_d0p07_s24.cnf
D_colors_random_n60_k3_d0p07_s25,D_colors,random,60,3,0.07,25,180,612,UNSAT,0.005269,0.00159,45,45,1262,20,cnfs/D_colors_random_n60_k3_d0p07_s25.cnf
D_colors_random_n60_k3_d0p07_s26,D_colors,random,60,3,0.07,26,180,612,SAT,0.004235,0.001488,0,11,66,10,cnfs/D_colors_random_n60_k3_d0p07_s26.cnf
D_colors_random_n60_k3_d0p07_s27,D_colors,random,60,3,0.07,27,180,612,SAT,0.003400,0.001317,16,30,485,10,cnfs/D_colors_random_n60_k3_d0p07_s27.cnf
D_colors_random_n60_k3_d0p07_s28,D_colors,random,60,3,0.07,28,180,612,SAT,0.003247,0.001292,1,13,95,10,cnfs/D_colors_random_n60_k3_d0p07_s28.cnf
D_colors_random_n60_k3_d0p07_s29,D_colors,random,60,3,0.07,29,180,612,UNSAT,0.004473,0.001515,34,37,968,20,cnfs/D_colors_random_n60_k3_d0p07_s29.cnf
D_colors_random_n60_k3_d0p07_s3,D_colors,random,60,3,0.07,3,180,612,SAT,0.003211,0.001245,0,18,75,10,cnfs/D_colors_random_n60_k3_d0p07_s3.cnf
D_colors_random_n60_k3_d0p07_s30,D_colors,random,60,3,0.07,30,180,612,UNSAT,0.003248,0.001296,13,15,133,20,cnfs/D_colors_random_n60_k3_d0p07_s30.cnf
D_colors_random_n60_k3_d0p07_s31,D_colors,random,60,3,0.07,31,180,612,SAT,0.004627,0.001263,11,21,268,10,cnfs/D_colors_random_n60_k3_d0p07_s31.cnf
D_colors_random_n60_k3_d0p07_s32,D_colors,random,60,3,0.07,32,180,612,SAT,0.003093,0.001226,4,17,145,10,cnfs/D_colors_random_n60_k3_d0p07_s32.cnf
D_colors_random_n60_k3_d0p07_s33,D_colors,random,60,3,0.07,33,180,612,SAT,0.003485,0.001306,0,14,72,10,cnfs/D_colors_random_n60_k3_d0p07_s33.cnf
D_colors_random_n60_k3_d0p07_s34,D_colors,random,60,3,0.07,34,180,612,SAT,0.003525,0.001307,1,16,77,10,cnfs/D_colors_random_n60_k3_d0p07_s34.cnf
D_colors_random_n60_k3_d0p07_s35,D_colors,random,60,3,0.07,35,180,612,UNSAT,0.003056,0.00122,24,26,354,20,cnfs/D_colors_random_n60_k3_d0p07_s35.cnf
D_colors_random_n60_k3_d0p07_s36,D_colors,random,60,3,0.07,36,180,612,SAT,0.003122,0.001247,5,17,171,10,cnfs/D_colors_random_n60_k3_d0p07_s36.cnf
D_colors_random_n60_k3_d0p07_s37,D_colors,random,60,3,0.07,37,180,612,SAT,0.003311,0.001249,3,17,140,10,cnfs/D_colors_random_n60_k3_d0p07_s37.cnf
D_colors_random_n60_k3_d0p07_s38,D_colors,random,60,3,0.07,38,180,612,SAT,0.003173,0.00124,6,21,300,10,cnfs/D_colors_random_n60_k3_d0p07_s38.cnf
D_colors_random_n60_k3_d0p07_s39,D_colors,random,60,3,0.07,39,180,612,SAT,0.003202,0.001357,10,25,260,10,cnfs/D_colors_random_n60_k3_d0p07_s39.cnf
D_colors_random_n60_k3_d0p07_s4,D_colors,random,60,3,0.07,4,180,612,SAT,0.003331,0.00129,1,12,97,10,cnfs/D_colors_random_n60_k3_d0p07_s4.cnf
D_colors_random_n60_k3_d0p07_s40,D_colors,random,60,3,0.07,40,180,612,UNSAT,0.003788,0.001239,6,10,58,20,cnfs/D_colors_random_n60_k3_d0p07_s40.cnf
D_colors_random_n60_k3_d0p07_s5,D_colors,random,60,3,0.07,5,180,612,SAT,0.003563,0.001369,2,15,135,10,cnfs/D_colors_random_n60_k3_d0p07_s5.cnf
D_colors_random_n60_k3_d0p07_s6,D_colors,random,60,3,0.07,6,180,612,UNSAT,0.003044,0.001268,30,30,996,20,cnfs/D_colors_random_n60_k3_d0p07_s6.cnf
D_colors_random_n60_k3_d0p07_s7,D_colors,random,60,3,0.07,7,180,612,UNSAT,0.003163,0.001327,53,58,1400,20,cnfs/D_colors_random_n60_k3_d0p07_s7.cnf
D_colors_random_n60_k3_d0p07_s8,D_colors,random,60,3,0.07,8,180,612,UNSAT,0.003082,0.001174,15,21,366,20,cnfs/D_colors_random_n60_k3_d0p07_s8.cnf
D_colors_random_n60_k3_d0p07_s9,D_colors,random,60,3,0.07,9,180,612,UNSAT,0.003413,0.001273,28,30,739,20,cnfs/D_colors_random_n60_k3_d0p07_s9.cnf
D_colors_random_n60_k4_d0p07_s1,D_colors,random,60,4,0.07,1,240,916,SAT,0.003736,0.001902,0,48,91,10,cnfs/D_colors_random_n60_k4_d0p07_s1.cnf
D_colors_random_n60_k4_d0p07_s10,D_colors,random,60,4,0.07,10,240,916,SAT,0.003292,0.00148,0,56,117,10,cnfs/D_colors_random_n60_k4_d0p07_s10.cnf
D_colors_random_n60_k4_d0p07_s11,D_colors,random,60,4,0.07,11,240,916,SAT,0.003640,0.001521,0,46,92,10,cnfs/D_colors_random_n60_k4_d0p07_s11.cnf
D_colors_random_n60_k4_d0p07_s12,D_colors,random,60,4,0.07,12,240,916,SAT,0.003840,0.001638,0,57,109,10,cnfs/D_colors_random_n60_k4_d0p07_s12.cnf
D_colors_random_n60_k4_d0p07_s13,D_colors,random,60,4,0.07,13,240,916,SAT,0.003505,0.001561,2,57,122,10,cnfs/D_colors_random_n60_k4_d0p07_s13.cnf
D_colors_random_n60_k4_d0p07_s14,D_colors,random,60,4,0.07,14,240,916,SAT,0.003327,0.001473,1,62,119,10,cnfs/D_colors_random_n60_k4_d0p07_s14.cnf
D_colors_random_n60_k4_d0p07_s15,D_colors,random,60,4,0.07,15,240,916,SAT,0.003362,0.001438,0,51,105,10,cnfs/D_colors_random_n60_k4_d0p07_s15.cnf
D_colors_random_n60_k4_d0p07_s16,D_colors,random,60,4,0.07,16,240,916,SAT,0.003598,0.00156,1,46,122,10,cnfs/D_colors_random_n60_k4_d0p07_s16.cnf
D_colors_random_n60_k4_d0p07_s17,D_colors,random,60,4,0.07,17,240,916,SAT,0.004079,0.001586,0,73,123,10,cnfs/D_colors_random_n60_k4_d0p07_s17.cnf
D_colors_random_n60_k4_d0p07_s18,D_colors,random,60,4,0.07,18,240,916,SAT,0.003548,0.001515,1,48,117,10,cnfs/D_colors_random_n60_k4_d0p07_s18.cnf
D_colors_random_n60_k4_d0p07_s19,D_colors,random,60,4,0.07,19,240,916,SAT,0.003286,0.001548,0,49,94,10,cnfs/D_colors_random_n60_k4_d0p07_s19.cnf
D_colors_random_n60_k4_d0p07_s2,D_colors,random,60,4,0.07,2,240,916,SAT,0.003063,0.001422,0,53,104,10,cnfs/D_colors_random_n60_k4_d0p07_s2.cnf
D_colors_random_n60_k4_d0p07_s20,D_colors,random,60,4,0.07,20,240,916,SAT,0.003498,0.001558,0,71,126,10,cnfs/D_colors_random_n60_k4_d0p07_s20.cnf
D_colors_random_n60_k4_d0p07_s21,D_colors,random,60,4,0.07,21,240,916,SAT,0.003356,0.001492,0,59,116,10,cnfs/D_colors_random_n60_k4_d0p07_s21.cnf
D_colors_random_n60_k4_d0p07_s22,D_colors,random,60,4,0.07,22,240,916,SAT,0.003223,0.001484,0,68,121,10,cnfs/D_colors_random_n60_k4_d0p07_s22.cnf
D_colors_random_n60_k4_d0p07_s23,D_colors,random,60,4,0.07,23,240,916,SAT,0.003347,0.001547,0,57,115,10,cnfs/D_colors_random_n60_k4_d0p07_s23.cnf
D_colors_random_n60_k4_d0p07_s24,D_colors,random,60,4,0.07,24,240,916,SAT,0.003442,0.001518,1,76,153,10,cnfs/D_colors_random_n60_k4_d0p07_s24.cnf
D_colors_random_n60_k4_d0p07_s25,D_colors,random,60,4,0.07,25,240,916,SAT,0.003876,0.001504,0,54,113,10,cnfs/D_colors_random_n60_k4_d0p07_s25.cnf
D_colors_random_n60_k4_d0p07_s26,D_colors,random,60,4,0.07,26,240,916,SAT,0.003463,0.001699,0,48,96,10,cnfs/D_colors_random_n60_k4_d0p07_s26.cnf
D_colors_random_n60_k4_d0p07_s27,D_colors,random,60,4,0.07,27,240,916,SAT,0.003398,0.001632,0,56,105,10,cnfs/D_colors_random_n60_k4_d0p07_s27.cnf
D_colors_random_n60_k4_d0p07_s28,D_colors,random,60,4,0.07,28,240,916,SAT,0.003159,0.001478,0,56,103,10,cnfs/D_colors_random_n60_k4_d0p07_s28.cnf
D_colors_random_n60_k4_d0p07_s29,D_colors,random,60,4,0.07,29,240,916,SAT,0.003732,0.001612,0,42,99,10,cnfs/D_colors_random_n60_k4_d0p07_s29.cnf
D_colors_random_n60_k4_d0p07_s3,D_colors,random,60,4,0.07,3,240,916,SAT,0.003595,0.001566,0,58,117,10,cnfs/D_colors_random_n60_k4_d0p07_s3.cnf
D_colors_random_n60_k4_d0p07_s30,D_colors,random,60,4,0.07,30,240,916,SAT,0.003390,0.00155,0,46,90,10,cnfs/D_colors_random_n60_k4_d0p07_s30.cnf
D_colors_random_n60_k4_d0p07_s31,D_colors,random,60,4,0.07,31,240,916,SAT,0.003445,0.001604,0,56,107,10,cnfs/D_colors_random_n60_k4_d0p07_s31.cnf
D_colors_random_n60_k4_d0p07_s32,D_colors,random,60,4,0.07,32,240,916,SAT,0.003377,0.001489,0,62,121,10,cnfs/D_colors_random_n60_k4_d0p07_s32.cnf
D_colors_random_n60_k4_d0p07_s33,D_colors,random,60,4,0.07,33,240,916,SAT,0.003947,0.0016,0,49,106,10,cnfs/D_colors_random_n60_k4_d0p07_s33.cnf
D_colors_random_n60_k4_d0p07_s34,D_colors,random,60,4,0.07,34,240,916,SAT,0.003374,0.001557,0,60,112,10,cnfs/D_colors_random_n60_k4_d0p07_s34.cnf
D_colors_random_n60_k4_d0p07_s35,D_colors,random,60,4,0.07,35,240,916,SAT,0.003217,0.001438,0,51,111,10,cnfs/D_colors_random_n60_k4_d0p07_s35.cnf
D_colors_random_n60_k4_d0p07_s36,D_colors,random,60,4,0.07,36,240,916,SAT,0.008256,0.001538,0,43,99,10,cnfs/D_colors_random_n60_k4_d0p07_s36.cnf
D_colors_random_n60_k4_d0p07_s37,D_colors,random,60,4,0.07,37,240,916,SAT,0.003700,0.00169,0,54,96,10,cnfs/D_colors_random_n60_k4_d0p07_s37.cnf
D_colors_random_n60_k4_d0p07_s38,D_colors,random,60,4,0.07,38,240,916,SAT,0.003265,0.001499,2,72,166,10,cnfs/D_colors_random_n60_k4_d0p07_s38.cnf
D_colors_random_n60_k4_d0p07_s39,D_colors,random,60,4,0.07,39,240,916,SAT,0.003394,0.00156,0,45,93,10,cnfs/D_colors_random_n60_k4_d0p07_s39.cnf
D_colors_random_n60_k4_d0p07_s4,D_colors,random,60,4,0.07,4,240,916,SAT,0.003623,0.001592,0,57,107,10,cnfs/D_colors_random_n60_k4_d0p07_s4.cnf
D_colors_random_n60_k4_d0p07_s40,D_colors,random,60,4,0.07,40,240,916,SAT,0.003100,0.001414,1,60,136,10,cnfs/D_colors_random_n60_k4_d0p07_s40.cnf
D_colors_random_n60_k4_d0p07_s5,D_colors,random,60,4,0.07,5,240,916,SAT,0.003387,0.001496,0,44,102,10,cnfs/D_colors_random_n60_k4_d0p07_s5.cnf
D_colors_random_n60_k4_d0p07_s6,D_colors,random,60,4,0.07,6,240,916,SAT,0.003277,0.001424,0,55,108,10,cnfs/D_colors_random_n60_k4_d0p07_s6.cnf
D_colors_random_n60_k4_d0p07_s7,D_colors,random,60,4,0.07,7,240,916,SAT,0.003716,0.001557,1,54,118,10,cnfs/D_colors_random_n60_k4_d0p07_s7.cnf
D_colors_random_n60_k4_d0p07_s8,D_colors,random,60,4,0.07,8,240,916,SAT,0.003488,0.001475,0,50,109,10,cnfs/D_colors_random_n60_k4_d0p07_s8.cnf
D_colors_random_n60_k4_d0p07_s9,D_colors,random,60,4,0.07,9,240,916,SAT,0.003120,0.001358,0,50,120,10,cnfs/D_colors_random_n60_k4_d0p07_s9.cnf
D_colors_random_n60_k5_d0p07_s1,D_colors,random,60,5,0.07,1,300,1280,SAT,0.004829,0.002848,0,69,102,10,cnfs/D_colors_random_n60_k5_d0p07_s1.cnf
D_colors_random_n60_k5_d0p07_s10,D_colors,random,60,5,0.07,10,300,1280,SAT,0.003900,0.001975,0,100,154,10,cnfs/D_colors_random_n60_k5_d0p07_s10.cnf
D_colors_random_n60_k5_d0p07_s11,D_colors,random,60,5,0.07,11,300,1280,SAT,0.004068,0.001905,0,82,128,10,cnfs/D_colors_random_n60_k5_d0p07_s11.cnf
D_colors_random_n60_k5_d0p07_s12,D_colors,random,60,5,0.07,12,300,1280,SAT,0.003982,0.002049,0,91,141,10,cnfs/D_colors_random_n60_k5_d0p07_s12.cnf
D_colors_random_n60_k5_d0p07_s13,D_colors,random,60,5,0.07,13,300,1280,SAT,0.005392,0.002164,0,80,133,10,cnfs/D_colors_random_n60_k5_d0p07_s13.cnf
D_colors_random_n60_k5_d0p07_s14,D_colors,random,60,5,0.07,14,300,1280,SAT,0.005286,0.002101,0,97,139,10,cnfs/D_colors_random_n60_k5_d0p07_s14.cnf
D_colors_random_n60_k5_d0p07_s15,D_colors,random,60,5,0.07,15,300,1280,SAT,0.003673,0.001838,0,77,136,10,cnfs/D_colors_random_n60_k5_d0p07_s15.cnf
D_colors_random_n60_k5_d0p07_s16,D_colors,random,60,5,0.07,16,300,1280,SAT,0.003801,0.001913,0,81,134,10,cnfs/D_colors_random_n60_k5_d0p07_s16.cnf
D_colors_random_n60_k5_d0p07_s17,D_colors,random,60,5,0.07,17,300,1280,SAT,0.004096,0.002279,0,101,143,10,cnfs/D_colors_random_n60_k5_d0p07_s17.cnf
D_colors_random_n60_k5_d0p07_s18,D_colors,random,60,5,0.07,18,300,1280,SAT,0.003929,0.001907,0,85,149,10,cnfs/D_colors_random_n60_k5_d0p07_s18.cnf
D_colors_random_n60_k5_d0p07_s19,D_colors,random,60,5,0.07,19,300,1280,SAT,0.003583,0.00185,0,81,130,10,cnfs/D_colors_random_n60_k5_d0p07_s19.cnf
D_colors_random_n60_k5_d0p07_s2,D_colors,random,60,5,0.07,2,300,1280,SAT,0.003729,0.002006,0,89,131,10,cnfs/D_colors_random_n60_k5_d0p07_s2.cnf
D_colors_random_n60_k5_d0p07_s20,D_colors,random,60,5,0.07,20,300,1280,SAT,0.003886,0.002068,0,105,157,10,cnfs/D_colors_random_n60_k5_d0p07_s20.cnf
D_colors_random_n60_k5_d0p07_s21,D_colors,random,60,5,0.07,21,300,1280,SAT,0.003814,0.00182,0,97,159,10,cnfs/D_colors_random_n60_k5_d0p07_s21.cnf
D_colors_random_n60_k5_d0p07_s22,D_colors,random,60,5,0.07,22,300,1280,SAT,0.003774,0.001801,0,101,164,10,cnfs/D_colors_random_n60_k5_d0p07_s22.cnf
D_colors_random_n60_k5_d0p07_s23,D_colors,random,60,5,0.07,23,300,1280,SAT,0.003775,0.001853,0,100,155,10,cnfs/D_colors_random_n60_k5_d0p07_s23.cnf
D_colors_random_n60_k5_d0p07_s24,D_colors,random,60,5,0.07,24,300,1280,SAT,0.003632,0.001881,0,110,165,10,cnfs/D_colors_random_n60_k5_d0p07_s24.cnf
D_colors_random_n60_k5_d0p07_s25,D_colors,random,60,5,0.07,25,300,1280,SAT,0.004083,0.002096,0,82,133,10,cnfs/D_colors_random_n60_k5_d0p07_s25.cnf
D_colors_random_n60_k5_d0p07_s26,D_colors,random,60,5,0.07,26,300,1280,SAT,0.004023,0.002159,0,85,126,10,cnfs/D_colors_random_n60_k5_d0p07_s26.cnf
D_colors_random_n60_k5_d0p07_s27,D_colors,random,60,5,0.07,27,300,1280,SAT,0.004135,0.002215,0,88,128,10,cnfs/D_colors_random_n60_k5_d0p07_s27.cnf
D_colors_random_n60_k5_d0p07_s28,D_colors,random,60,5,0.07,28,300,1280,SAT,0.003756,0.00199,0,90,134,10,cnfs/D_colors_random_n60_k5_d0p07_s28.cnf
D_colors_random_n60_k5_d0p07_s29,D_colors,random,60,5,0.07,29,300,1280,SAT,0.004426,0.002027,0,83,132,10,cnfs/D_colors_random_n60_k5_d0p07_s29.cnf
D_colors_random_n60_k5_d0p07_s3,D_colors,random,60,5,0.07,3,300,1280,SAT,0.003677,0.001871,0,107,158,10,cnfs/D_colors_random_n60_k5_d0p07_s3.cnf
D_colors_random_n60_k5_d0p07_s30,D_colors,random,60,5,0.07,30,300,1280,SAT,0.003876,0.002053,0,74,116,10,cnfs/D_colors_random_n60_k5_d0p07_s30.cnf
D_colors_random_n60_k5_d0p07_s31,D_colors,random,60,5,0.07,31,300,1280,SAT,0.003672,0.001908,0,94,146,10,cnfs/D_colors_random_n60_k5_d0p07_s31.cnf
D_colors_random_n60_k5_d0p07_s32,D_colors,random,60,5,0.07,32,300,1280,SAT,0.004232,0.002068,0,98,149,10,cnfs/D_colors_random_n60_k5_d0p07_s32.cnf
D_colors_random_n60_k5_d0p07_s33,D_colors,random,60,5,0.07,33,300,1280,SAT,0.004562,0.002378,0,82,126,10,cnfs/D_colors_random_n60_k5_d0p07_s33.cnf
D_colors_random_n60_k5_d0p07_s34,D_colors,random,60,5,0.07,34,300,1280,SAT,0.005189,0.003186,0,57,81,10,cnfs/D_colors_random_n60_k5_d0p07_s34.cnf
D_colors_random_n60_k5_d0p07_s35,D_colors,random,60,5,0.07,35,300,1280,SAT,0.003518,0.00168,0,92,154,10,cnfs/D_colors_random_n60_k5_d0p07_s35.cnf
D_colors_random_n60_k5_d0p07_s36,D_colors,random,60,5,0.07,36,300,1280,SAT,0.004578,0.002083,0,79,119,10,cnfs/D_colors_random_n60_k5_d0p07_s36.cnf
D_colors_random_n60_k5_d0p07_s37,D_colors,random,60,5,0.07,37,300,1280,SAT,0.003997,0.002084,0,92,135,10,cnfs/D_colors_random_n60_k5_d0p07_s37.cnf
D_colors_random_n60_k5_d0p07_s38,D_colors,random,60,5,0.07,38,300,1280,SAT,0.003687,0.001836,0,99,160,10,cnfs/D_colors_random_n60_k5_d0p07_s38.cnf
D_colors_random_n60_k5_d0p07_s39,D_colors,random,60,5,0.07,39,300,1280,SAT,0.004084,0.002058,0,75,114,10,cnfs/D_colors_random_n60_k5_d0p07_s39.cnf
D_colors_random_n60_k5_d0p07_s4,D_colors,random,60,5,0.07,4,300,1280,SAT,0.003908,0.001957,0,100,151,10,cnfs/D_colors_random_n60_k5_d0p07_s4.cnf
D_colors_random_n60_k5_d0p07_s40,D_colors,random,60,5,0.07,40,300,1280,SAT,0.003950,0.002028,0,90,149,10,cnfs/D_colors_random_n60_k5_d0p07_s40.cnf
D_colors_random_n60_k5_d0p07_s5,D_colors,random,60,5,0.07,5,300,1280,SAT,0.007252,0.00201,0,89,136,10,cnfs/D_colors_random_n60_k5_d0p07_s5.cnf
D_colors_random_n60_k5_d0p07_s6,D_colors,random,60,5,0.07,6,300,1280,SAT,0.004333,0.00202,0,89,140,10,cnfs/D_colors_random_n60_k5_d0p07_s6.cnf
D_colors_random_n60_k5_d0p07_s7,D_colors,random,60,5,0.07,7,300,1280,SAT,0.004258,0.002092,0,82,135,10,cnfs/D_colors_random_n60_k5_d0p07_s7.cnf
D_colors_random_n60_k5_d0p07_s8,D_colors,random,60,5,0.07,8,300,1280,SAT,0.003720,0.001827,0,92,149,10,cnfs/D_colors_random_n60_k5_d0p07_s8.cnf
D_colors_random_n60_k5_d0p07_s9,D_colors,random,60,5,0.07,9,300,1280,SAT,0.004141,0.001778,0,90,159,10,cnfs/D_colors_random_n60_k5_d0p07_s9.cnf
